N°;Nombre del Proyecto;Titular;Región;Comuna;Inversión MUF;Capacidad_MVA;Plazo_Semestres
1;Proyecto 1;Titular1;Arica y Parinacota;General Lagos;0,18;113;3
2;Proyecto 2;Titular2;Coquimbo;Coquimbo;0,16;80;3
3;Proyecto 3;Titular3;O'Higgins;Palmilla;0,04;76;2
4;Proyecto 4;Titular4;Biobío;Los Álamos;0,14;60;2
5;Proyecto 5;Titular5;Atacama;Chañaral;0,51;1427;6
6;Proyecto 6;Titular6;Magallanes;Cabo de Hornos (Ex-Navarino);0,02;76;2
7;Proyecto 7;Titular7;Valparaíso;Olmué;0,26;710;4
8;Proyecto 8;Titular8;O'Higgins;Pumanque;1,24;1396;4
9;Proyecto 9;Titular9;Atacama;Alto del Carmen;0,33;580;3
10;Proyecto 10;Titular10;Magallanes;Torres del Paine;1,04;1005;4
11;Proyecto 11;Titular11;Tarapacá;Colchane;0,08;108;3
12;Proyecto 12;Titular12;O'Higgins;San Vicente;0,17;107;3
13;Proyecto 13;Titular13;Los Lagos;Chaitén;1,2;1019;4
14;Proyecto 14;Titular14;Atacama;Copiapó;0,33;512;3
15;Proyecto 15;Titular15;Arica y Parinacota;General Lagos;0,66;1440;6
16;Proyecto 16;Titular16;O'Higgins;Lolol;0,58;355;3
17;Proyecto 17;Titular17;Tarapacá;Pozo Almonte;0,15;59;1
18;Proyecto 18;Titular18;Ñuble;Quillón;0,2;102;2
19;Proyecto 19;Titular19;Los Lagos;Chonchi;0,11;80;1
21;Proyecto 21;Titular21;Los Lagos;Dalcahue;0,28;395;4
22;Proyecto 22;Titular22;Maule;Pelarco;1,55;1810;5
24;Proyecto 24;Titular24;Antofagasta;Ollagüe;1,23;1998;6
25;Proyecto 25;Titular25;O'Higgins;Peralillo;0,54;716;3
26;Proyecto 26;Titular26;Coquimbo;Ovalle;1,26;1784;5
27;Proyecto 27;Titular27;Biobío;Chiguayante;0,4;372;4
28;Proyecto 28;Titular28;Arica y Parinacota;General Lagos;0,31;103;2
29;Proyecto 29;Titular29;La Araucanía;Traiguén;0,04;51;3
30;Proyecto 30;Titular30;Valparaíso;San Felipe;0,27;95;3
32;Proyecto 32;Titular32;Biobío;Arauco;1,42;1136;4
33;Proyecto 33;Titular33;Los Ríos;Río Bueno;1,68;1840;6
35;Proyecto 35;Titular35;Antofagasta;Calama;0,34;150;3
37;Proyecto 37;Titular37;Los Lagos;Chaitén;0,16;53;2
38;Proyecto 38;Titular38;O'Higgins;Peumo;0,1;87;2
39;Proyecto 39;Titular39;Coquimbo;Los Vilos;0,91;1114;6
40;Proyecto 40;Titular40;Los Ríos;Lago Ranco;0,14;139;3
42;Proyecto 42;Titular42;La Araucanía;Lumaco;0,38;491;4
43;Proyecto 43;Titular43;O'Higgins;Peralillo;0,37;235;4
44;Proyecto 44;Titular44;Arica y Parinacota;Arica;0,29;393;3
45;Proyecto 45;Titular45;Los Lagos;Ancud;0,36;852;4
46;Proyecto 46;Titular46;Antofagasta;Antofagasta;1,41;1279;5
47;Proyecto 47;Titular47;Maule;Retiro;0,04;125;2
48;Proyecto 48;Titular48;Los Lagos;Puerto Varas;0,25;115;2
49;Proyecto 49;Titular49;Valparaíso;Calle Larga;0,55;488;4
50;Proyecto 50;Titular50;Los Lagos;Futaleufú;0,01;31;2
51;Proyecto 51;Titular51;Maule;Curicó;0,62;800;4
52;Proyecto 52;Titular52;Atacama;Caldera;0,12;48;2
53;Proyecto 53;Titular53;Tarapacá;Iquique;0,24;80;1
54;Proyecto 54;Titular54;Los Lagos;Puerto Octay;0,04;48;1
55;Proyecto 55;Titular55;Magallanes;Laguna Blanca;0,29;60;3
57;Proyecto 57;Titular57;Magallanes;Punta Arenas;0,21;49;2
58;Proyecto 58;Titular58;Coquimbo;La Higuera;0,28;111;2
59;Proyecto 59;Titular59;Valparaíso;Calera;0,01;87;2
60;Proyecto 60;Titular60;Valparaíso;Casablanca;0,12;72;3
61;Proyecto 61;Titular61;Tarapacá;Iquique;0,72;480;3
62;Proyecto 62;Titular62;Los Ríos;Paillaco;1,56;1790;5
63;Proyecto 63;Titular63;Ñuble;Ninhue;0,22;111;3
64;Proyecto 64;Titular64;Ñuble;Treguaco;0,06;115;3
65;Proyecto 65;Titular65;Maule;Río Claro;0,68;857;3
66;Proyecto 66;Titular66;La Araucanía;Perquenco;0,38;336;4
67;Proyecto 67;Titular67;Valparaíso;Concón;0,41;774;4
68;Proyecto 68;Titular68;Tarapacá;Pica;0,17;52;2
69;Proyecto 69;Titular69;Coquimbo;Paiguano;0,3;138;3
70;Proyecto 70;Titular70;Magallanes;Timaukel;0,09;85;1
71;Proyecto 71;Titular71;O'Higgins;Santa Cruz;0,15;55;2
73;Proyecto 73;Titular73;Los Lagos;Calbuco;0,57;687;3
74;Proyecto 74;Titular74;Maule;San Rafael;0,99;1218;4
75;Proyecto 75;Titular75;Magallanes;Laguna Blanca;0,1;132;2
76;Proyecto 76;Titular76;La Araucanía;Vilcún;0,29;681;3
77;Proyecto 77;Titular77;Atacama;Huasco;0,27;113;2
78;Proyecto 78;Titular78;Biobío;Cabrero;0,13;70;1
80;Proyecto 80;Titular80;Ñuble;San Fabián;0,11;63;2
81;Proyecto 81;Titular81;Coquimbo;La Serena;0,04;89;2
82;Proyecto 82;Titular82;Tarapacá;Iquique;0,18;146;3
83;Proyecto 83;Titular83;Tarapacá;Iquique;2,08;1479;5
84;Proyecto 84;Titular84;Ñuble;Chillán;1,66;1540;5
85;Proyecto 85;Titular85;Antofagasta;Mejillones;1,99;1056;4
86;Proyecto 86;Titular86;Los Ríos;Paillaco;0,07;49;2
87;Proyecto 87;Titular87;O'Higgins;Pumanque;0,88;1633;4
88;Proyecto 88;Titular88;Maule;Constitución;0,63;1850;4
89;Proyecto 89;Titular89;Tarapacá;Pozo Almonte;0,16;54;2
90;Proyecto 90;Titular90;Antofagasta;Sierra Gorda;0,56;590;3
91;Proyecto 91;Titular91;Atacama;Vallenar;0,29;94;3
92;Proyecto 92;Titular92;Los Lagos;Hualaihué;0,66;269;4
93;Proyecto 93;Titular93;Biobío;Quilaco;0,02;68;2
94;Proyecto 94;Titular94;Maule;Talca;0,13;99;2
95;Proyecto 95;Titular95;Coquimbo;Paiguano;0,7;376;3
98;Proyecto 98;Titular98;Tarapacá;Pica;0,02;47;1
99;Proyecto 99;Titular99;Maule;Pelarco;0,57;826;4
100;Proyecto 100;Titular100;Los Ríos;Lanco;0,2;80;2
101;Proyecto 101;Titular101;Coquimbo;Paiguano;0,16;53;1
102;Proyecto 102;Titular102;Coquimbo;Andacollo;0,32;898;4
103;Proyecto 103;Titular103;Los Ríos;Valdivia;1,61;1994;5
104;Proyecto 104;Titular104;Magallanes;Porvenir;0,24;53;3
105;Proyecto 105;Titular105;Atacama;Caldera;0,13;44;2
106;Proyecto 106;Titular106;Valparaíso;Casablanca;0,07;37;1
107;Proyecto 107;Titular107;La Araucanía;Angol;0,06;47;2
108;Proyecto 108;Titular108;Los Lagos;Puyehue;0,33;896;2
109;Proyecto 109;Titular109;Biobío;Quilleco;2,01;1677;4
110;Proyecto 110;Titular110;Arica y Parinacota;Camarones;0,27;138;3
111;Proyecto 111;Titular111;Maule;Retiro;0,31;137;2
112;Proyecto 112;Titular112;La Araucanía;Pucón;0,35;142;3
113;Proyecto 113;Titular113;Biobío;Cabrero;0,68;1189;6
115;Proyecto 115;Titular115;Antofagasta;Sierra Gorda;1,04;1129;6
116;Proyecto 116;Titular116;Los Ríos;Corral;0,88;1432;5
117;Proyecto 117;Titular117;Ñuble;San Nicolás;0,32;339;3
118;Proyecto 118;Titular118;Magallanes;Natales;0,08;111;2
120;Proyecto 120;Titular120;Coquimbo;Los Vilos;0,61;1667;5
121;Proyecto 121;Titular121;Biobío;Chiguayante;0,52;649;4
122;Proyecto 122;Titular122;Atacama;Caldera;0,11;70;1
123;Proyecto 123;Titular123;Atacama;Alto del Carmen;0,35;312;2
124;Proyecto 124;Titular124;Maule;Pelarco;0,27;409;3
125;Proyecto 125;Titular125;Maule;Vichuquén;0,65;1231;4
126;Proyecto 126;Titular126;Magallanes;San Gregorio;0,28;633;3
127;Proyecto 127;Titular127;Valparaíso;Concón;0,06;122;2
129;Proyecto 129;Titular129;Maule;Chanco;0,09;68;2
130;Proyecto 130;Titular130;Atacama;Vallenar;0,09;78;2
132;Proyecto 132;Titular132;La Araucanía;Gorbea;0,39;551;2
133;Proyecto 133;Titular133;Arica y Parinacota;General Lagos;2,11;1008;5
134;Proyecto 134;Titular134;Ñuble;Cobquecura;0,68;838;4
135;Proyecto 135;Titular135;Maule;Río Claro;0,32;137;3
136;Proyecto 136;Titular136;Coquimbo;Vicuña;0,62;430;4
137;Proyecto 137;Titular137;Arica y Parinacota;Camarones;1,54;1586;4
138;Proyecto 138;Titular138;Magallanes;San Gregorio;0,44;272;3
139;Proyecto 139;Titular139;Maule;Curicó;0,14;44;2
140;Proyecto 140;Titular140;Arica y Parinacota;Camarones;0,54;732;3
141;Proyecto 141;Titular141;Antofagasta;Ollagüe;1,92;1330;4
142;Proyecto 142;Titular142;Biobío;Santa Juana;0,52;311;3
143;Proyecto 143;Titular143;Coquimbo;Andacollo;0,86;1610;5
144;Proyecto 144;Titular144;Ñuble;San Carlos;1,16;1440;5
145;Proyecto 145;Titular145;Valparaíso;San Antonio;0,12;53;2
146;Proyecto 146;Titular146;Tarapacá;Pozo Almonte;1,52;1145;5
147;Proyecto 147;Titular147;Biobío;Nacimiento;0,13;45;2
148;Proyecto 148;Titular148;Coquimbo;Coquimbo;0,16;121;3
149;Proyecto 149;Titular149;Valparaíso;San Felipe;0,65;423;3
150;Proyecto 150;Titular150;Tarapacá;Colchane;0,7;577;4
151;Proyecto 151;Titular151;Coquimbo;Coquimbo;0,19;57;2
152;Proyecto 152;Titular152;La Araucanía;Lumaco;0,13;81;1
153;Proyecto 153;Titular153;Arica y Parinacota;General Lagos;0,54;633;4
154;Proyecto 154;Titular154;O'Higgins;Pumanque;0,81;1730;4
155;Proyecto 155;Titular155;Valparaíso;Casablanca;0,36;380;3
156;Proyecto 156;Titular156;Los Ríos;Corral;0,23;149;3
158;Proyecto 158;Titular158;Los Lagos;Puerto Montt;0,45;773;3
159;Proyecto 159;Titular159;Magallanes;Laguna Blanca;0,07;92;3
160;Proyecto 160;Titular160;Los Ríos;Panguipulli;0,92;1254;4
161;Proyecto 161;Titular161;Los Ríos;Corral;0,28;63;3
162;Proyecto 162;Titular162;La Araucanía;Padre Las Casas;0,13;89;1
163;Proyecto 163;Titular163;O'Higgins;La Estrella;0,06;136;3
164;Proyecto 164;Titular164;Arica y Parinacota;Putre;1,17;1989;6
165;Proyecto 165;Titular165;Magallanes;Cabo de Hornos (Ex-Navarino);0,31;70;2
166;Proyecto 166;Titular166;Antofagasta;Tocopilla;1,78;1128;4
167;Proyecto 167;Titular167;Maule;Empedrado;0,1;65;3
168;Proyecto 168;Titular168;Los Ríos;La Unión;1,28;1063;4
169;Proyecto 169;Titular169;Maule;San Rafael;2,07;1085;6
171;Proyecto 171;Titular171;Maule;Talca;0,34;570;4
172;Proyecto 172;Titular172;Maule;Parral;0,32;222;4
173;Proyecto 173;Titular173;Valparaíso;Puchuncaví;0,15;138;2
174;Proyecto 174;Titular174;Arica y Parinacota;Arica;0,61;465;3
175;Proyecto 175;Titular175;Ñuble;San Fabián;0,23;89;1
176;Proyecto 176;Titular176;Maule;Longaví;0,19;66;3
178;Proyecto 178;Titular178;Atacama;Diego de Almagro;0,15;40;2
179;Proyecto 179;Titular179;Magallanes;Porvenir;0,32;566;3
180;Proyecto 180;Titular180;Coquimbo;Vicuña;0,35;143;3
181;Proyecto 181;Titular181;Arica y Parinacota;Camarones;0,05;87;3
182;Proyecto 182;Titular182;Magallanes;Timaukel;0,79;1231;4
183;Proyecto 183;Titular183;Maule;Empedrado;0,68;390;4
184;Proyecto 184;Titular184;Valparaíso;Cabildo;0,18;94;3
185;Proyecto 185;Titular185;Arica y Parinacota;General Lagos;0,21;122;3
186;Proyecto 186;Titular186;Ñuble;Pinto;2,19;1157;6
187;Proyecto 187;Titular187;Magallanes;Torres del Paine;0,01;88;2
188;Proyecto 188;Titular188;Magallanes;Natales;0,32;259;4
189;Proyecto 189;Titular189;Coquimbo;Ovalle;1,4;1745;5
190;Proyecto 190;Titular190;Los Ríos;Panguipulli;0,12;46;2
191;Proyecto 191;Titular191;Tarapacá;Iquique;0,29;503;4
192;Proyecto 192;Titular192;Valparaíso;Rinconada;0,22;44;2
194;Proyecto 194;Titular194;La Araucanía;Los Sauces;1,9;1261;6
196;Proyecto 196;Titular196;Magallanes;Primavera;0,21;59;1
197;Proyecto 197;Titular197;Los Lagos;Chonchi;0,69;1259;5
198;Proyecto 198;Titular198;Atacama;Diego de Almagro;0,7;706;3
199;Proyecto 199;Titular199;O'Higgins;Palmilla;0,6;1118;5
200;Proyecto 200;Titular200;Maule;San Rafael;0,24;89;1
201;Proyecto 201;Titular201;Maule;Linares;0,04;101;3
202;Proyecto 202;Titular202;Maule;Vichuquén;1,61;1810;4
203;Proyecto 203;Titular203;Arica y Parinacota;Putre;0,05;142;3
204;Proyecto 204;Titular204;Antofagasta;Tocopilla;1,89;1957;4
205;Proyecto 205;Titular205;Los Ríos;Lanco;0,19;87;1
206;Proyecto 206;Titular206;Magallanes;Cabo de Hornos (Ex-Navarino);0,12;90;2
207;Proyecto 207;Titular207;Coquimbo;Coquimbo;1,37;1183;4
208;Proyecto 208;Titular208;Magallanes;Laguna Blanca;0,17;129;2
209;Proyecto 209;Titular209;Los Lagos;Quinchao;0,3;100;3
210;Proyecto 210;Titular210;La Araucanía;Freire;0,21;31;2
211;Proyecto 211;Titular211;Atacama;Chañaral;0,34;551;4
212;Proyecto 212;Titular212;Maule;Licantén;0,55;542;4
213;Proyecto 213;Titular213;Los Lagos;Futaleufú;0,43;336;3
214;Proyecto 214;Titular214;La Araucanía;Pitrufquén;0,56;272;4
215;Proyecto 215;Titular215;Atacama;Copiapó;0,19;56;2
216;Proyecto 216;Titular216;Arica y Parinacota;Camarones;0,22;93;3
217;Proyecto 217;Titular217;Atacama;Tierra Amarilla;0,01;84;1
218;Proyecto 218;Titular218;Los Ríos;Corral;0,56;721;3
219;Proyecto 219;Titular219;Los Lagos;Maullín;0,15;58;2
220;Proyecto 220;Titular220;Maule;Molina;0,3;803;3
221;Proyecto 221;Titular221;Biobío;Contulmo;0,87;1526;4
222;Proyecto 222;Titular222;La Araucanía;Traiguén;0,11;54;3
223;Proyecto 223;Titular223;Tarapacá;Camiña;0,63;1782;6
224;Proyecto 224;Titular224;Maule;Yerbas Buenas;0,28;657;4
225;Proyecto 225;Titular225;Biobío;Negrete;0,18;68;2
226;Proyecto 226;Titular226;Arica y Parinacota;Arica;1,29;1439;5
227;Proyecto 227;Titular227;Ñuble;Cobquecura;1,57;1108;5
228;Proyecto 228;Titular228;La Araucanía;Perquenco;0,38;466;3
230;Proyecto 230;Titular230;Magallanes;Timaukel;1,54;1967;6
231;Proyecto 231;Titular231;Los Ríos;Lanco;0,33;53;2
232;Proyecto 232;Titular232;Los Lagos;Chonchi;0,21;102;3
234;Proyecto 234;Titular234;Maule;Curicó;0,28;410;3
235;Proyecto 235;Titular235;Ñuble;San Fabián;0,05;34;2
236;Proyecto 236;Titular236;Arica y Parinacota;General Lagos;0,91;1820;4
237;Proyecto 237;Titular237;Magallanes;San Gregorio;1,95;1904;5
238;Proyecto 238;Titular238;Biobío;Chiguayante;0,5;654;3
239;Proyecto 239;Titular239;Antofagasta;San Pedro de Atacama;0,41;884;4
241;Proyecto 241;Titular241;Los Ríos;La Unión;0,37;669;2
242;Proyecto 242;Titular242;Arica y Parinacota;Arica;0,54;1614;5
243;Proyecto 243;Titular243;Magallanes;Cabo de Hornos (Ex-Navarino);0,53;1056;4
244;Proyecto 244;Titular244;Ñuble;Portezuelo;0,24;98;3
245;Proyecto 245;Titular245;Antofagasta;Taltal;0,16;54;2
246;Proyecto 246;Titular246;Antofagasta;Tocopilla;0,51;464;4
247;Proyecto 247;Titular247;Maule;Sagrada Familia;1,83;1796;4
248;Proyecto 248;Titular248;Ñuble;San Fabián;0,31;92;3
249;Proyecto 249;Titular249;Los Ríos;Paillaco;0,18;66;2
250;Proyecto 250;Titular250;Ñuble;Pemuco;0,71;1425;5
251;Proyecto 251;Titular251;Ñuble;Portezuelo;0,08;66;2
252;Proyecto 252;Titular252;Biobío;Concepción;0,33;544;3
254;Proyecto 254;Titular254;Magallanes;Porvenir;0,18;50;2
255;Proyecto 255;Titular255;Antofagasta;Tocopilla;0,24;535;3
256;Proyecto 256;Titular256;Maule;Río Claro;0,04;85;2
257;Proyecto 257;Titular257;Coquimbo;Salamanca;2,01;1827;5
258;Proyecto 258;Titular258;Valparaíso;Puchuncaví;0,02;48;2
259;Proyecto 259;Titular259;Coquimbo;Monte Patria;0,48;778;3
260;Proyecto 260;Titular260;Los Ríos;Paillaco;1,43;1223;4
261;Proyecto 261;Titular261;Los Ríos;La Unión;0,22;125;2
265;Proyecto 265;Titular265;Los Lagos;Hualaihué;0,21;34;2
266;Proyecto 266;Titular266;Los Lagos;Quemchi;1,85;1730;5
267;Proyecto 267;Titular267;La Araucanía;Angol;2,2;1457;5
268;Proyecto 268;Titular268;Atacama;Huasco;1,07;1497;5
269;Proyecto 269;Titular269;Ñuble;Pinto;0,18;61;3
270;Proyecto 270;Titular270;Tarapacá;Huara;0,03;133;2
271;Proyecto 271;Titular271;La Araucanía;Carahue;0,26;111;3
272;Proyecto 272;Titular272;Antofagasta;María Elena;0,6;212;3
273;Proyecto 273;Titular273;O'Higgins;Malloa;0,23;120;2
274;Proyecto 274;Titular274;Antofagasta;Taltal;0,23;75;2
275;Proyecto 275;Titular275;Coquimbo;Punitaqui;0,47;574;4
276;Proyecto 276;Titular276;Ñuble;Chillán;0,36;488;3
277;Proyecto 277;Titular277;Valparaíso;San Esteban;0,42;267;3
279;Proyecto 279;Titular279;Maule;Curepto;0,06;77;3
280;Proyecto 280;Titular280;Valparaíso;Nogales;0,34;57;3
281;Proyecto 281;Titular281;Los Lagos;Fresia;0,04;63;2
282;Proyecto 282;Titular282;La Araucanía;Lautaro;0,34;871;3
283;Proyecto 283;Titular283;Los Lagos;Quemchi;1,59;1985;5
284;Proyecto 284;Titular284;Biobío;Quilleco;0,07;59;2
285;Proyecto 285;Titular285;La Araucanía;Vilcún;0,76;1085;4
287;Proyecto 287;Titular287;Atacama;Chañaral;0,13;82;2
288;Proyecto 288;Titular288;La Araucanía;Pitrufquén;0,13;59;3
289;Proyecto 289;Titular289;Magallanes;Timaukel;0,86;1244;6
290;Proyecto 290;Titular290;Maule;Cauquenes;0,52;877;3
291;Proyecto 291;Titular291;Ñuble;Cobquecura;0,6;311;2
292;Proyecto 292;Titular292;Magallanes;Cabo de Hornos (Ex-Navarino);2,23;1589;5
293;Proyecto 293;Titular293;Antofagasta;San Pedro de Atacama;0,09;59;3
294;Proyecto 294;Titular294;Los Ríos;Los Lagos;0,05;70;3
296;Proyecto 296;Titular296;Los Ríos;Máfil;0,04;92;3
297;Proyecto 297;Titular297;Magallanes;Cabo de Hornos (Ex-Navarino);0,28;108;3
298;Proyecto 298;Titular298;Magallanes;Torres del Paine;0,67;739;3
299;Proyecto 299;Titular299;Magallanes;Porvenir;0,03;50;2
300;Proyecto 300;Titular300;Los Lagos;Puerto Octay;0,2;63;2
301;Proyecto 301;Titular301;Maule;Vichuquén;0,19;73;2
302;Proyecto 302;Titular302;Coquimbo;Combarbalá;1,32;1863;6
304;Proyecto 304;Titular304;Los Ríos;Lanco;0,3;896;3
305;Proyecto 305;Titular305;Coquimbo;Canela;0,54;292;4
306;Proyecto 306;Titular306;Atacama;Freirina;0,49;810;3
307;Proyecto 307;Titular307;Arica y Parinacota;Camarones;0,16;114;3
308;Proyecto 308;Titular308;Antofagasta;Mejillones;0,17;56;1
309;Proyecto 309;Titular309;Antofagasta;Sierra Gorda;0,31;332;3
310;Proyecto 310;Titular310;Los Lagos;Los Muermos;0,12;94;3
311;Proyecto 311;Titular311;La Araucanía;Gorbea;0,09;46;2
312;Proyecto 312;Titular312;Los Ríos;Máfil;1,74;1868;5
313;Proyecto 313;Titular313;Antofagasta;Tocopilla;1,27;1918;5
314;Proyecto 314;Titular314;La Araucanía;Galvarino;0,59;461;3
315;Proyecto 315;Titular315;La Araucanía;Loncoche;1,17;1499;5
316;Proyecto 316;Titular316;Los Ríos;Lago Ranco;0,26;674;3
317;Proyecto 317;Titular317;Valparaíso;Calle Larga;1,35;1392;5
318;Proyecto 318;Titular318;Tarapacá;Colchane;0,39;322;4
319;Proyecto 319;Titular319;Ñuble;Chillán;0,28;115;2
320;Proyecto 320;Titular320;Ñuble;El Carmen;0,68;1340;4
322;Proyecto 322;Titular322;Biobío;Santa Bárbara;0,06;53;2
323;Proyecto 323;Titular323;Biobío;Los Ángeles;0,03;74;2
324;Proyecto 324;Titular324;Arica y Parinacota;Putre;0,17;105;3
325;Proyecto 325;Titular325;Tarapacá;Pozo Almonte;0,31;108;2
326;Proyecto 326;Titular326;Coquimbo;Paiguano;0,24;123;2
327;Proyecto 327;Titular327;La Araucanía;Melipeuco;0,18;50;2
328;Proyecto 328;Titular328;Magallanes;Timaukel;0,48;424;3
332;Proyecto 332;Titular332;Maule;Hualañé;0,12;128;3
333;Proyecto 333;Titular333;Los Ríos;Valdivia;0,57;636;3
334;Proyecto 334;Titular334;Antofagasta;Taltal;0,04;54;3
335;Proyecto 335;Titular335;O'Higgins;Pumanque;0,28;129;3
336;Proyecto 336;Titular336;Magallanes;Natales;1,62;1287;5
337;Proyecto 337;Titular337;La Araucanía;Vilcún;0,15;89;3
339;Proyecto 339;Titular339;Los Lagos;Queilén;1,98;1022;5
340;Proyecto 340;Titular340;Magallanes;Porvenir;0,51;465;3
341;Proyecto 341;Titular341;Maule;San Rafael;0,14;146;3
342;Proyecto 342;Titular342;Valparaíso;Quillota;0,32;524;3
343;Proyecto 343;Titular343;Antofagasta;Calama;0,19;90;3
344;Proyecto 344;Titular344;Arica y Parinacota;Arica;1,25;1884;4
345;Proyecto 345;Titular345;Biobío;Quilaco;0,25;125;3
346;Proyecto 346;Titular346;Tarapacá;Alto Hospicio;1,55;1556;4
347;Proyecto 347;Titular347;O'Higgins;Peralillo;0,08;77;2
348;Proyecto 348;Titular348;La Araucanía;Loncoche;0,06;67;2
349;Proyecto 349;Titular349;Maule;Curepto;0,44;665;4
350;Proyecto 350;Titular350;Coquimbo;Monte Patria;0,48;591;4
351;Proyecto 351;Titular351;Antofagasta;Taltal;0,7;850;3
352;Proyecto 352;Titular352;Valparaíso;San Esteban;0,32;149;2
354;Proyecto 354;Titular354;Arica y Parinacota;General Lagos;0,93;1809;5
355;Proyecto 355;Titular355;Valparaíso;Putaendo;0,33;65;3
356;Proyecto 356;Titular356;Tarapacá;Alto Hospicio;2,16;1669;5
357;Proyecto 357;Titular357;Los Ríos;La Unión;1,28;1203;4
358;Proyecto 358;Titular358;Los Lagos;Puqueldón;0,58;411;4
359;Proyecto 359;Titular359;La Araucanía;Victoria;0,26;81;2
360;Proyecto 360;Titular360;Biobío;Yumbel;0,42;677;3
361;Proyecto 361;Titular361;Maule;San Javier;2,16;1128;5
362;Proyecto 362;Titular362;O'Higgins;Navidad;1,75;1372;5
363;Proyecto 363;Titular363;Maule;Villa Alegre;0,07;86;2
364;Proyecto 364;Titular364;La Araucanía;Traiguén;0,2;86;2
365;Proyecto 365;Titular365;Coquimbo;Combarbalá;0,92;1727;5
366;Proyecto 366;Titular366;O'Higgins;Navidad;0,26;95;2
367;Proyecto 367;Titular367;Antofagasta;Calama;0,11;79;3
368;Proyecto 368;Titular368;Los Lagos;Ancud;1,67;1442;4
369;Proyecto 369;Titular369;Valparaíso;Cartagena;0,3;94;2
370;Proyecto 370;Titular370;Los Lagos;Puerto Octay;0,07;93;3
371;Proyecto 371;Titular371;Atacama;Huasco;0,47;389;3
372;Proyecto 372;Titular372;Maule;Pelluhue;0,11;41;2
373;Proyecto 373;Titular373;Maule;San Javier;0,14;102;3
374;Proyecto 374;Titular374;Antofagasta;Ollagüe;2,16;1696;5
375;Proyecto 375;Titular375;Antofagasta;Antofagasta;0,03;143;3
377;Proyecto 377;Titular377;Magallanes;Laguna Blanca;0,19;79;2
379;Proyecto 379;Titular379;O'Higgins;Santa Cruz;0,18;84;3
380;Proyecto 380;Titular380;Biobío;Nacimiento;1,22;1750;5
381;Proyecto 381;Titular381;La Araucanía;Toltén;0,31;89;2
383;Proyecto 383;Titular383;Maule;Romeral;0,31;493;2
384;Proyecto 384;Titular384;Ñuble;El Carmen;1,38;1079;5
385;Proyecto 385;Titular385;Maule;Villa Alegre;0,95;1384;4
387;Proyecto 387;Titular387;Magallanes;Río Verde;0,53;1263;4
388;Proyecto 388;Titular388;Los Ríos;Futrono;0,7;378;4
389;Proyecto 389;Titular389;Los Ríos;Río Bueno;0,22;63;1
390;Proyecto 390;Titular390;Atacama;Freirina;0,42;715;3
392;Proyecto 392;Titular392;Los Ríos;Valdivia;0,24;34;2
393;Proyecto 393;Titular393;Antofagasta;Antofagasta;0,16;66;3
394;Proyecto 394;Titular394;Los Lagos;Curaco de Vélez;0,53;239;4
395;Proyecto 395;Titular395;Maule;Empedrado;1,53;1884;6
397;Proyecto 397;Titular397;O'Higgins;Litueche;0,58;680;3
398;Proyecto 398;Titular398;Magallanes;Laguna Blanca;1,79;1887;5
399;Proyecto 399;Titular399;Maule;Maule;0,11;122;3
400;Proyecto 400;Titular400;Tarapacá;Alto Hospicio;0,17;61;3
402;Proyecto 402;Titular402;Arica y Parinacota;Arica;0,01;74;2
404;Proyecto 404;Titular404;Ñuble;San Carlos;0,03;67;2
405;Proyecto 405;Titular405;O'Higgins;San Fernando;0,6;751;3
406;Proyecto 406;Titular406;Antofagasta;Calama;0,12;44;2
407;Proyecto 407;Titular407;Los Ríos;Valdivia;0,14;111;3
408;Proyecto 408;Titular408;Magallanes;Torres del Paine;0,05;40;2
409;Proyecto 409;Titular409;Atacama;Huasco;0,63;1617;6
410;Proyecto 410;Titular410;Tarapacá;Pozo Almonte;0,03;49;2
411;Proyecto 411;Titular411;Biobío;Mulchén;0,09;78;2
412;Proyecto 412;Titular412;Los Lagos;Dalcahue;0,19;87;2
413;Proyecto 413;Titular413;Los Lagos;Río Negro;1,23;1631;5
414;Proyecto 414;Titular414;Maule;Linares;1,21;1983;6
415;Proyecto 415;Titular415;Los Ríos;Lago Ranco;0,17;43;2
416;Proyecto 416;Titular416;La Araucanía;Gorbea;0,36;378;3
417;Proyecto 417;Titular417;Tarapacá;Iquique;0,34;344;3
418;Proyecto 418;Titular418;Coquimbo;Los Vilos;0,03;76;3
420;Proyecto 420;Titular420;Los Lagos;Ancud;1,83;1794;6
421;Proyecto 421;Titular421;Los Ríos;Mariquina;0,43;240;3
424;Proyecto 424;Titular424;La Araucanía;Freire;0,16;39;2
425;Proyecto 425;Titular425;Maule;Villa Alegre;0,88;1429;5
426;Proyecto 426;Titular426;Ñuble;Quillón;0,34;541;4
427;Proyecto 427;Titular427;Los Ríos;Corral;0,32;488;4
428;Proyecto 428;Titular428;Los Lagos;Quellón;0,63;1442;4
429;Proyecto 429;Titular429;Biobío;Curanilahue;1,95;1963;4
430;Proyecto 430;Titular430;Maule;Licantén;1,05;1264;4
431;Proyecto 431;Titular431;O'Higgins;Nancagua;0,6;809;3
433;Proyecto 433;Titular433;Tarapacá;Pozo Almonte;0,14;95;3
434;Proyecto 434;Titular434;Maule;Parral;0,34;63;3
435;Proyecto 435;Titular435;Coquimbo;La Higuera;0,22;79;1
436;Proyecto 436;Titular436;Maule;Hualañé;0,16;115;2
437;Proyecto 437;Titular437;Antofagasta;Sierra Gorda;0,64;243;3
438;Proyecto 438;Titular438;Maule;San Rafael;0,12;74;1
439;Proyecto 439;Titular439;Magallanes;Porvenir;0,02;49;1
440;Proyecto 440;Titular440;Ñuble;Yungay;0,08;61;2
441;Proyecto 441;Titular441;La Araucanía;Nueva Imperial;0,55;1854;5
442;Proyecto 442;Titular442;Los Lagos;Quinchao;0,11;44;2
443;Proyecto 443;Titular443;Atacama;Vallenar;0,52;608;3
444;Proyecto 444;Titular444;Arica y Parinacota;Putre;0,22;109;3
445;Proyecto 445;Titular445;Valparaíso;Valparaíso;0,37;278;3
446;Proyecto 446;Titular446;Coquimbo;Salamanca;1,49;1703;5
447;Proyecto 447;Titular447;Ñuble;San Carlos;0,59;289;3
448;Proyecto 448;Titular448;Coquimbo;Salamanca;0,19;50;2
449;Proyecto 449;Titular449;Valparaíso;Isla de Pascua;0,06;76;3
450;Proyecto 450;Titular450;Valparaíso;Quintero;0,13;49;2
451;Proyecto 451;Titular451;Valparaíso;Zapallar;1,4;1484;6
452;Proyecto 452;Titular452;O'Higgins;Rengo;0,19;57;1
455;Proyecto 455;Titular455;Atacama;Copiapó;0,61;1537;5
456;Proyecto 456;Titular456;O'Higgins;Las Cabras;0,1;51;2
459;Proyecto 459;Titular459;Antofagasta;Ollagüe;1,22;1139;5
460;Proyecto 460;Titular460;Magallanes;Cabo de Hornos (Ex-Navarino);0,6;1118;5
461;Proyecto 461;Titular461;Coquimbo;Andacollo;1,29;1530;5
462;Proyecto 462;Titular462;Valparaíso;Cabildo;0,36;113;3
463;Proyecto 463;Titular463;Los Lagos;Maullín;0,07;77;3
464;Proyecto 464;Titular464;Atacama;Caldera;0,37;760;3
465;Proyecto 465;Titular465;Arica y Parinacota;General Lagos;0,2;51;2
466;Proyecto 466;Titular466;Magallanes;Río Verde;0,06;95;2
467;Proyecto 467;Titular467;La Araucanía;Gorbea;0,62;1152;5
469;Proyecto 469;Titular469;Los Lagos;Los Muermos;0,1;64;2
470;Proyecto 470;Titular470;Magallanes;Torres del Paine;0,45;592;4
471;Proyecto 471;Titular471;Valparaíso;Viña del Mar;0,02;68;2
472;Proyecto 472;Titular472;Atacama;Freirina;0,19;89;2
473;Proyecto 473;Titular473;Tarapacá;Iquique;0,16;75;1
474;Proyecto 474;Titular474;Coquimbo;Salamanca;0,67;263;4
475;Proyecto 475;Titular475;Coquimbo;Vicuña;1,3;1266;6
476;Proyecto 476;Titular476;Los Lagos;San Juan de la Costa;0,32;86;2
477;Proyecto 477;Titular477;Maule;Sagrada Familia;0,29;104;3
478;Proyecto 478;Titular478;Atacama;Huasco;1,56;1258;4
479;Proyecto 479;Titular479;Tarapacá;Colchane;0,32;53;2
480;Proyecto 480;Titular480;O'Higgins;San Fernando;0,31;128;3
481;Proyecto 481;Titular481;Maule;Retiro;0,02;30;2
482;Proyecto 482;Titular482;Ñuble;Quillón;0,26;82;3
483;Proyecto 483;Titular483;Los Ríos;Valdivia;0,11;150;3
484;Proyecto 484;Titular484;Maule;San Rafael;1,06;1046;4
485;Proyecto 485;Titular485;Atacama;Tierra Amarilla;0,25;69;3
486;Proyecto 486;Titular486;Tarapacá;Alto Hospicio;2,27;1578;6
487;Proyecto 487;Titular487;Los Lagos;Puerto Montt;0,17;78;3
488;Proyecto 488;Titular488;Arica y Parinacota;Putre;0,31;383;2
489;Proyecto 489;Titular489;Coquimbo;Vicuña;1,87;1798;4
490;Proyecto 490;Titular490;O'Higgins;Navidad;0,14;90;2
491;Proyecto 491;Titular491;O'Higgins;Mostazal;0,1;67;2
492;Proyecto 492;Titular492;Antofagasta;Ollagüe;0,67;807;3
493;Proyecto 493;Titular493;Antofagasta;María Elena;0,7;504;4
496;Proyecto 496;Titular496;Coquimbo;Punitaqui;0,3;101;2
498;Proyecto 498;Titular498;Valparaíso;Concón;1,48;1608;5
499;Proyecto 499;Titular499;Biobío;Curanilahue;0,6;686;3
500;Proyecto 500;Titular500;Atacama;Freirina;0,67;729;3
501;Proyecto 501;Titular501;Antofagasta;Sierra Gorda;0,03;66;2
502;Proyecto 502;Titular502;Ñuble;Ñiquén;0,12;92;2
503;Proyecto 503;Titular503;Maule;Yerbas Buenas;0,23;81;2
504;Proyecto 504;Titular504;Valparaíso;Santo Domingo;0,94;1601;5
505;Proyecto 505;Titular505;Maule;Parral;0,13;60;2
506;Proyecto 506;Titular506;Atacama;Caldera;0,23;77;2
507;Proyecto 507;Titular507;Arica y Parinacota;Camarones;0,35;687;4
508;Proyecto 508;Titular508;Ñuble;Chillán Viejo;0,53;560;3
509;Proyecto 509;Titular509;Valparaíso;San Esteban;0,63;700;3
511;Proyecto 511;Titular511;Maule;Villa Alegre;0,97;1013;6
512;Proyecto 512;Titular512;Ñuble;Pinto;0,07;137;2
513;Proyecto 513;Titular513;Maule;Licantén;0,34;144;3
514;Proyecto 514;Titular514;Arica y Parinacota;General Lagos;0,31;111;2
515;Proyecto 515;Titular515;La Araucanía;Padre Las Casas;0,43;412;3
516;Proyecto 516;Titular516;Antofagasta;María Elena;0,64;752;4
517;Proyecto 517;Titular517;Maule;Molina;0,25;65;3
519;Proyecto 519;Titular519;Los Ríos;La Unión;0,14;66;1
520;Proyecto 520;Titular520;Arica y Parinacota;Putre;0,15;41;2
521;Proyecto 521;Titular521;Tarapacá;Huara;0,19;83;2
522;Proyecto 522;Titular522;Arica y Parinacota;Arica;0,31;121;2
523;Proyecto 523;Titular523;Valparaíso;El Tabo;0,19;44;2
524;Proyecto 524;Titular524;Los Ríos;Máfil;0,26;779;3
525;Proyecto 525;Titular525;Maule;San Javier;0,7;540;3
526;Proyecto 526;Titular526;Atacama;Alto del Carmen;0,15;73;2
527;Proyecto 527;Titular527;O'Higgins;Litueche;0,66;789;3
528;Proyecto 528;Titular528;Maule;Molina;0,1;128;3
529;Proyecto 529;Titular529;Tarapacá;Colchane;1,57;1965;5
530;Proyecto 530;Titular530;La Araucanía;Cunco;0,32;624;4
531;Proyecto 531;Titular531;O'Higgins;Chépica;0,15;78;2
532;Proyecto 532;Titular532;Coquimbo;Los Vilos;0,16;113;3
533;Proyecto 533;Titular533;La Araucanía;Purén;0,02;51;2
536;Proyecto 536;Titular536;Tarapacá;Colchane;0,18;82;1
537;Proyecto 537;Titular537;Tarapacá;Pozo Almonte;0,19;33;2
538;Proyecto 538;Titular538;Valparaíso;Calera;0,92;1771;4
539;Proyecto 539;Titular539;Maule;Licantén;0,09;88;1
540;Proyecto 540;Titular540;La Araucanía;Lautaro;0,1;61;2
541;Proyecto 541;Titular541;Magallanes;Timaukel;0,13;66;1
542;Proyecto 542;Titular542;Coquimbo;La Serena;0,25;61;3
543;Proyecto 543;Titular543;Atacama;Huasco;1,76;1536;5
544;Proyecto 544;Titular544;Maule;Romeral;0,66;422;4
545;Proyecto 545;Titular545;Valparaíso;Casablanca;0,09;139;2
546;Proyecto 546;Titular546;La Araucanía;Curacautín;1,72;1540;6
548;Proyecto 548;Titular548;Biobío;Negrete;0,06;125;2
549;Proyecto 549;Titular549;Magallanes;Antártica;0,33;56;3
550;Proyecto 550;Titular550;Los Ríos;Futrono;0,33;110;3
551;Proyecto 551;Titular551;O'Higgins;Quinta de Tilcoco;0,47;317;3
555;Proyecto 555;Titular555;Los Lagos;Futaleufú;1,23;1416;5
556;Proyecto 556;Titular556;Valparaíso;Cabildo;1,78;1097;4
557;Proyecto 557;Titular557;Atacama;Freirina;0,58;1546;5
558;Proyecto 558;Titular558;Los Lagos;Puerto Octay;0,18;71;3
559;Proyecto 559;Titular559;La Araucanía;Lautaro;0,45;483;3
560;Proyecto 560;Titular560;Antofagasta;Taltal;0,01;85;1
562;Proyecto 562;Titular562;Magallanes;Primavera;0,38;825;4
563;Proyecto 563;Titular563;Los Lagos;San Pablo;0,2;48;1
564;Proyecto 564;Titular564;Atacama;Diego de Almagro;0,03;85;2
565;Proyecto 565;Titular565;Arica y Parinacota;Putre;0,24;129;4
567;Proyecto 567;Titular567;Biobío;Mulchén;1,85;1617;6
568;Proyecto 568;Titular568;Los Lagos;Fresia;0,31;631;3
569;Proyecto 569;Titular569;Antofagasta;Mejillones;0,25;115;2
570;Proyecto 570;Titular570;Tarapacá;Alto Hospicio;0,28;560;3
571;Proyecto 571;Titular571;O'Higgins;Marchihue;0,22;32;2
572;Proyecto 572;Titular572;Coquimbo;Salamanca;0,24;127;2
573;Proyecto 573;Titular573;Valparaíso;Concón;0,03;39;2
574;Proyecto 574;Titular574;Valparaíso;Putaendo;0,45;574;3
575;Proyecto 575;Titular575;Coquimbo;Los Vilos;0,72;576;3
576;Proyecto 576;Titular576;Tarapacá;Pica;0,08;55;2
577;Proyecto 577;Titular577;Los Ríos;Lago Ranco;0,19;87;2
578;Proyecto 578;Titular578;Biobío;Cabrero;0,12;81;1
580;Proyecto 580;Titular580;Antofagasta;Taltal;0,43;598;4
581;Proyecto 581;Titular581;Antofagasta;Tocopilla;1,98;1723;4
582;Proyecto 582;Titular582;Atacama;Caldera;0,02;38;2
583;Proyecto 583;Titular583;Valparaíso;Los Andes;0,14;128;3
584;Proyecto 584;Titular584;O'Higgins;Requínoa;0,96;1851;4
585;Proyecto 585;Titular585;Los Lagos;Quinchao;0,62;250;3
586;Proyecto 586;Titular586;Tarapacá;Huara;0,33;129;3
587;Proyecto 587;Titular587;Atacama;Tierra Amarilla;0,26;571;3
588;Proyecto 588;Titular588;Los Lagos;Hualaihué;0,4;850;2
589;Proyecto 589;Titular589;Atacama;Caldera;0,68;713;3
590;Proyecto 590;Titular590;Coquimbo;Canela;0,71;328;2
591;Proyecto 591;Titular591;Atacama;Chañaral;0,23;57;2
592;Proyecto 592;Titular592;Los Lagos;Frutillar;0,02;89;1
593;Proyecto 593;Titular593;Tarapacá;Colchane;0,21;106;3
594;Proyecto 594;Titular594;Valparaíso;Rinconada;1,89;1271;5
595;Proyecto 595;Titular595;Valparaíso;Concón;0,98;1201;5
596;Proyecto 596;Titular596;Antofagasta;San Pedro de Atacama;0,36;61;2
597;Proyecto 597;Titular597;Los Ríos;Lago Ranco;2,25;1839;6
598;Proyecto 598;Titular598;Magallanes;Natales;0,1;69;2
600;Proyecto 600;Titular600;Antofagasta;Taltal;0,17;64;2
601;Proyecto 601;Titular601;Arica y Parinacota;Putre;0,65;239;4
602;Proyecto 602;Titular602;Arica y Parinacota;Camarones;0,09;129;3
604;Proyecto 604;Titular604;Magallanes;Río Verde;1,31;1348;5
605;Proyecto 605;Titular605;La Araucanía;Melipeuco;0,59;213;4
606;Proyecto 606;Titular606;Arica y Parinacota;General Lagos;0,28;756;4
607;Proyecto 607;Titular607;La Araucanía;Perquenco;0,08;47;2
608;Proyecto 608;Titular608;Arica y Parinacota;Arica;2,11;1481;5
610;Proyecto 610;Titular610;Tarapacá;Iquique;0,22;50;3
611;Proyecto 611;Titular611;Biobío;Tirúa;0,33;125;3
612;Proyecto 612;Titular612;Atacama;Diego de Almagro;0,1;50;1
613;Proyecto 613;Titular613;Atacama;Huasco;0,38;647;3
614;Proyecto 614;Titular614;Arica y Parinacota;Arica;0,8;1303;5
615;Proyecto 615;Titular615;Atacama;Diego de Almagro;0,14;106;3
617;Proyecto 617;Titular617;Arica y Parinacota;General Lagos;1,1;1011;5
618;Proyecto 618;Titular618;O'Higgins;Pumanque;0,21;65;2
619;Proyecto 619;Titular619;Valparaíso;Olmué;0,79;1180;6
621;Proyecto 621;Titular621;Atacama;Freirina;1,16;1961;6
622;Proyecto 622;Titular622;O'Higgins;Mostazal;2,27;1499;5
623;Proyecto 623;Titular623;La Araucanía;Padre Las Casas;0,21;61;3
624;Proyecto 624;Titular624;Maule;Curicó;0,3;126;3
625;Proyecto 625;Titular625;La Araucanía;Ercilla;0,57;661;3
626;Proyecto 626;Titular626;Atacama;Copiapó;0,58;1932;6
627;Proyecto 627;Titular627;Los Ríos;Mariquina;0,24;132;3
628;Proyecto 628;Titular628;La Araucanía;Lumaco;0,28;262;4
629;Proyecto 629;Titular629;Los Lagos;Llanquihue;0,36;856;3
630;Proyecto 630;Titular630;Ñuble;Yungay;0,15;135;3
631;Proyecto 631;Titular631;Antofagasta;Ollagüe;0,03;52;2
632;Proyecto 632;Titular632;Maule;Rauco;0,1;146;3
634;Proyecto 634;Titular634;Atacama;Copiapó;0,51;791;3
635;Proyecto 635;Titular635;Los Lagos;Llanquihue;0,08;102;3
636;Proyecto 636;Titular636;Arica y Parinacota;General Lagos;0,25;145;3
637;Proyecto 637;Titular637;Arica y Parinacota;Camarones;0,87;1131;5
638;Proyecto 638;Titular638;Maule;San Rafael;0,36;71;3
640;Proyecto 640;Titular640;O'Higgins;Codegua;0,3;98;2
642;Proyecto 642;Titular642;Ñuble;El Carmen;0,59;379;4
643;Proyecto 643;Titular643;La Araucanía;Carahue;0,29;126;3
644;Proyecto 644;Titular644;Coquimbo;La Higuera;0,8;1214;4
645;Proyecto 645;Titular645;Antofagasta;María Elena;0,06;77;1
646;Proyecto 646;Titular646;Coquimbo;Punitaqui;0,03;40;2
647;Proyecto 647;Titular647;Valparaíso;Valparaíso;0,29;74;2
648;Proyecto 648;Titular648;Antofagasta;Tocopilla;0,02;71;1
649;Proyecto 649;Titular649;La Araucanía;Lautaro;0,19;60;3
650;Proyecto 650;Titular650;Ñuble;Portezuelo;0,14;140;3
651;Proyecto 651;Titular651;Antofagasta;Antofagasta;0,03;132;3
652;Proyecto 652;Titular652;Antofagasta;Tocopilla;0,33;206;3
654;Proyecto 654;Titular654;Valparaíso;Viña del Mar;0,12;79;2
655;Proyecto 655;Titular655;La Araucanía;Renaico;0,14;50;2
656;Proyecto 656;Titular656;Maule;Constitución;1,96;1413;4
657;Proyecto 657;Titular657;Maule;Chanco;0,63;1508;6
658;Proyecto 658;Titular658;Magallanes;Laguna Blanca;0,11;88;1
660;Proyecto 660;Titular660;Atacama;Vallenar;0,25;656;3
664;Proyecto 664;Titular664;Biobío;Mulchén;0,2;100;2
666;Proyecto 666;Titular666;Tarapacá;Pozo Almonte;0,05;149;2
667;Proyecto 667;Titular667;Arica y Parinacota;Putre;0,53;603;3
668;Proyecto 668;Titular668;Maule;Cauquenes;0,14;74;2
669;Proyecto 669;Titular669;Magallanes;Porvenir;0,36;443;3
671;Proyecto 671;Titular671;Antofagasta;San Pedro de Atacama;0,15;73;1
673;Proyecto 673;Titular673;Coquimbo;Coquimbo;1,66;1337;6
674;Proyecto 674;Titular674;Magallanes;Antártica;0,33;141;3
675;Proyecto 675;Titular675;Atacama;Huasco;1,15;1093;5
676;Proyecto 676;Titular676;Ñuble;Coelemu;0,11;125;3
677;Proyecto 677;Titular677;Los Lagos;Curaco de Vélez;0,34;745;3
678;Proyecto 678;Titular678;Maule;Linares;0,16;89;2
680;Proyecto 680;Titular680;La Araucanía;Padre Las Casas;0,19;80;3
681;Proyecto 681;Titular681;Ñuble;Ránquil;0,16;77;2
682;Proyecto 682;Titular682;Valparaíso;Panquehue;0,09;84;2
683;Proyecto 683;Titular683;Los Lagos;Dalcahue;0,24;64;2
685;Proyecto 685;Titular685;Los Lagos;Maullín;0,2;50;2
686;Proyecto 686;Titular686;Valparaíso;La Ligua;0,06;61;2
687;Proyecto 687;Titular687;Tarapacá;Pozo Almonte;0,35;89;3
688;Proyecto 688;Titular688;Magallanes;Laguna Blanca;0,93;1409;4
689;Proyecto 689;Titular689;Atacama;Vallenar;0,23;145;3
690;Proyecto 690;Titular690;Biobío;Santa Bárbara;0,1;86;2
691;Proyecto 691;Titular691;Atacama;Alto del Carmen;0,02;49;2
692;Proyecto 692;Titular692;Biobío;Tomé;0,12;71;2
693;Proyecto 693;Titular693;O'Higgins;San Vicente;2;1342;4
694;Proyecto 694;Titular694;Los Lagos;Puyehue;0,36;66;3
695;Proyecto 695;Titular695;Los Ríos;Lago Ranco;0,56;729;3
696;Proyecto 696;Titular696;Coquimbo;Andacollo;1,41;1027;5
697;Proyecto 697;Titular697;Atacama;Caldera;0,02;62;3
698;Proyecto 698;Titular698;Atacama;Chañaral;0,7;430;3
699;Proyecto 699;Titular699;Los Ríos;Corral;0,88;1834;5
700;Proyecto 700;Titular700;Los Ríos;La Unión;0,2;79;2
701;Proyecto 701;Titular701;Los Ríos;Máfil;2,03;1138;5
702;Proyecto 702;Titular702;Magallanes;Primavera;0,33;75;3
703;Proyecto 703;Titular703;Arica y Parinacota;Camarones;0,03;38;3
704;Proyecto 704;Titular704;Coquimbo;Combarbalá;0,34;116;3
705;Proyecto 705;Titular705;Antofagasta;María Elena;0,05;45;2
707;Proyecto 707;Titular707;Atacama;Chañaral;0,18;75;2
708;Proyecto 708;Titular708;Coquimbo;Monte Patria;0,33;51;2
709;Proyecto 709;Titular709;Los Ríos;Máfil;0,59;497;3
710;Proyecto 710;Titular710;Coquimbo;Ovalle;0,97;1019;4
711;Proyecto 711;Titular711;Los Ríos;Corral;1,71;1888;6
712;Proyecto 712;Titular712;Magallanes;Río Verde;0,65;891;4
713;Proyecto 713;Titular713;Antofagasta;Calama;2,16;1363;4
714;Proyecto 714;Titular714;La Araucanía;Cunco;1,53;1925;5
715;Proyecto 715;Titular715;Los Ríos;Panguipulli;0,2;141;2
717;Proyecto 717;Titular717;Maule;Sagrada Familia;1,28;1061;5
718;Proyecto 718;Titular718;Valparaíso;Juan Fernández;0,72;1703;5
719;Proyecto 719;Titular719;Atacama;Vallenar;0,27;66;3
721;Proyecto 721;Titular721;Coquimbo;Illapel;0,97;1121;4
722;Proyecto 722;Titular722;Los Ríos;Los Lagos;0,51;681;4
723;Proyecto 723;Titular723;Valparaíso;Nogales;0,29;148;2
724;Proyecto 724;Titular724;Tarapacá;Colchane;0,6;536;3
725;Proyecto 725;Titular725;Arica y Parinacota;General Lagos;0,15;34;2
726;Proyecto 726;Titular726;Ñuble;Ninhue;0,14;68;2
727;Proyecto 727;Titular727;Atacama;Caldera;0,38;628;3
728;Proyecto 728;Titular728;Los Lagos;Curaco de Vélez;0,13;107;2
729;Proyecto 729;Titular729;La Araucanía;Vilcún;0,71;238;3
730;Proyecto 730;Titular730;Tarapacá;Camiña;0,32;863;3
731;Proyecto 731;Titular731;Magallanes;Porvenir;1,56;1538;5
732;Proyecto 732;Titular732;Los Lagos;Chonchi;0,42;520;4
733;Proyecto 733;Titular733;Atacama;Freirina;0,56;787;3
734;Proyecto 734;Titular734;La Araucanía;Villarrica;0,3;306;4
735;Proyecto 735;Titular735;Maule;Chanco;0,53;740;3
736;Proyecto 736;Titular736;Los Ríos;Los Lagos;0,04;142;3
738;Proyecto 738;Titular738;Los Ríos;Paillaco;2,36;1548;6
740;Proyecto 740;Titular740;Maule;Sagrada Familia;0,3;307;4
741;Proyecto 741;Titular741;Ñuble;Yungay;0,2;98;3
742;Proyecto 742;Titular742;Los Lagos;Dalcahue;0,11;77;2
743;Proyecto 743;Titular743;Los Lagos;Queilén;0,16;94;2
744;Proyecto 744;Titular744;O'Higgins;Navidad;0,63;566;4
745;Proyecto 745;Titular745;Atacama;Caldera;0,22;101;3
746;Proyecto 746;Titular746;Ñuble;San Ignacio;0,22;126;3
748;Proyecto 748;Titular748;La Araucanía;Ercilla;0,48;846;3
749;Proyecto 749;Titular749;Valparaíso;Olmué;0,05;66;2
750;Proyecto 750;Titular750;Los Lagos;San Juan de la Costa;0,86;1239;4
751;Proyecto 751;Titular751;Los Lagos;Puerto Octay;0,62;881;3
752;Proyecto 752;Titular752;Valparaíso;Cartagena;1,76;1734;4
753;Proyecto 753;Titular753;Maule;San Javier;0,04;69;2
754;Proyecto 754;Titular754;Atacama;Vallenar;0,59;854;3
755;Proyecto 755;Titular755;Ñuble;San Ignacio;0,07;41;2
756;Proyecto 756;Titular756;Magallanes;Antártica;0,57;723;4
757;Proyecto 757;Titular757;Los Lagos;Cochamó;0,72;375;4
758;Proyecto 758;Titular758;Maule;Chanco;1,9;1746;4
759;Proyecto 759;Titular759;Los Ríos;Corral;0,01;52;1
760;Proyecto 760;Titular760;Tarapacá;Colchane;0,02;90;2
761;Proyecto 761;Titular761;Coquimbo;Coquimbo;0,18;71;2
762;Proyecto 762;Titular762;Magallanes;San Gregorio;0,42;845;3
763;Proyecto 763;Titular763;Coquimbo;Salamanca;1,12;1827;5
764;Proyecto 764;Titular764;Los Ríos;Lago Ranco;0,7;1337;4
765;Proyecto 765;Titular765;Tarapacá;Colchane;1,81;1554;5
766;Proyecto 766;Titular766;Ñuble;El Carmen;0,12;134;3
767;Proyecto 767;Titular767;Maule;Romeral;0,64;390;4
768;Proyecto 768;Titular768;O'Higgins;Pichidegua;0,24;79;3
769;Proyecto 769;Titular769;Maule;Cauquenes;0,1;46;2
770;Proyecto 770;Titular770;Magallanes;Cabo de Hornos (Ex-Navarino);2,3;1493;5
772;Proyecto 772;Titular772;Valparaíso;Quintero;0,29;330;4
773;Proyecto 773;Titular773;Los Lagos;Quinchao;0,05;64;2
774;Proyecto 774;Titular774;Antofagasta;Taltal;0,06;103;2
775;Proyecto 775;Titular775;La Araucanía;Lonquimay;1,3;1068;4
776;Proyecto 776;Titular776;Coquimbo;La Higuera;0,2;145;2
777;Proyecto 777;Titular777;Atacama;Alto del Carmen;0,55;451;2
779;Proyecto 779;Titular779;Tarapacá;Camiña;0,35;788;4
780;Proyecto 780;Titular780;Ñuble;Ninhue;0,54;459;4
781;Proyecto 781;Titular781;Valparaíso;Calera;0,19;63;2
782;Proyecto 782;Titular782;Magallanes;Laguna Blanca;0,06;39;3
783;Proyecto 783;Titular783;La Araucanía;Gorbea;0,21;128;3
784;Proyecto 784;Titular784;Arica y Parinacota;Arica;1,45;1872;5
785;Proyecto 785;Titular785;La Araucanía;Toltén;0,86;1121;5
786;Proyecto 786;Titular786;Antofagasta;Taltal;0,68;617;3
787;Proyecto 787;Titular787;La Araucanía;Collipulli;1,54;1316;5
788;Proyecto 788;Titular788;Coquimbo;Coquimbo;0,05;55;3
789;Proyecto 789;Titular789;Coquimbo;Monte Patria;0,26;130;2
790;Proyecto 790;Titular790;Los Lagos;Quemchi;0,49;665;3
791;Proyecto 791;Titular791;Atacama;Diego de Almagro;0,71;391;3
793;Proyecto 793;Titular793;Coquimbo;Andacollo;0,06;120;3
794;Proyecto 794;Titular794;Arica y Parinacota;Putre;0,08;69;2
795;Proyecto 795;Titular795;Antofagasta;Tocopilla;0,5;267;4
796;Proyecto 796;Titular796;Magallanes;Natales;0,5;221;3
797;Proyecto 797;Titular797;Arica y Parinacota;Arica;0,09;96;3
798;Proyecto 798;Titular798;Tarapacá;Colchane;0,31;87;3
799;Proyecto 799;Titular799;Arica y Parinacota;General Lagos;0,09;123;2
800;Proyecto 800;Titular800;O'Higgins;Graneros;2,4;1116;4
801;Proyecto 801;Titular801;Biobío;Coronel;0,93;1595;4
802;Proyecto 802;Titular802;Antofagasta;Tocopilla;0,19;63;2
803;Proyecto 803;Titular803;Coquimbo;Coquimbo;0,13;74;2
804;Proyecto 804;Titular804;Ñuble;San Fabián;0,13;44;1
805;Proyecto 805;Titular805;La Araucanía;Renaico;0,34;649;4
806;Proyecto 806;Titular806;Valparaíso;San Antonio;1,55;1542;4
807;Proyecto 807;Titular807;Magallanes;Río Verde;0,1;137;3
808;Proyecto 808;Titular808;Biobío;San Rosendo;0,1;60;3
809;Proyecto 809;Titular809;La Araucanía;Curacautín;0,19;101;3
810;Proyecto 810;Titular810;Maule;San Rafael;0,64;1705;4
811;Proyecto 811;Titular811;Tarapacá;Pozo Almonte;0,23;99;3
812;Proyecto 812;Titular812;Los Lagos;Hualaihué;0,05;58;3
813;Proyecto 813;Titular813;Magallanes;Torres del Paine;0,57;306;3
814;Proyecto 814;Titular814;O'Higgins;Litueche;0,18;92;3
815;Proyecto 815;Titular815;La Araucanía;Teodoro Schmidt;0,21;72;3
817;Proyecto 817;Titular817;Los Ríos;Valdivia;0,34;260;3
819;Proyecto 819;Titular819;Antofagasta;Calama;0,24;76;2
820;Proyecto 820;Titular820;Maule;San Javier;0,9;1262;5
821;Proyecto 821;Titular821;Ñuble;San Ignacio;0,73;1913;5
822;Proyecto 822;Titular822;Magallanes;Primavera;1,69;1540;5
823;Proyecto 823;Titular823;Tarapacá;Iquique;0,27;273;3
825;Proyecto 825;Titular825;Ñuble;Quirihue;0,04;76;3
826;Proyecto 826;Titular826;La Araucanía;Vilcún;0,14;88;3
827;Proyecto 827;Titular827;Maule;Pelarco;1,17;1268;5
830;Proyecto 830;Titular830;Maule;San Javier;0,25;84;3
831;Proyecto 831;Titular831;Antofagasta;María Elena;0,47;637;4
832;Proyecto 832;Titular832;Valparaíso;Limache;0,54;381;3
833;Proyecto 833;Titular833;Arica y Parinacota;Putre;1,74;1522;6
834;Proyecto 834;Titular834;Los Lagos;Purranque;0,13;84;2
835;Proyecto 835;Titular835;Los Lagos;Castro;0,53;1761;4
836;Proyecto 836;Titular836;Maule;Talca;0,58;588;4
838;Proyecto 838;Titular838;Ñuble;Bulnes;0,21;62;2
839;Proyecto 839;Titular839;O'Higgins;Quinta de Tilcoco;0,25;57;2
840;Proyecto 840;Titular840;Magallanes;Timaukel;0,14;82;2
841;Proyecto 841;Titular841;La Araucanía;Padre Las Casas;1,45;1893;4
842;Proyecto 842;Titular842;Magallanes;Cabo de Hornos (Ex-Navarino);0,36;57;3
843;Proyecto 843;Titular843;O'Higgins;San Fernando;0,25;73;3
845;Proyecto 845;Titular845;Biobío;Quilaco;1,58;1659;6
846;Proyecto 846;Titular846;Magallanes;Natales;0,07;55;2
847;Proyecto 847;Titular847;Antofagasta;María Elena;0,2;112;3
848;Proyecto 848;Titular848;Biobío;Los Ángeles;0,67;1135;4
849;Proyecto 849;Titular849;Los Ríos;Corral;0,32;141;3
850;Proyecto 850;Titular850;Valparaíso;Casablanca;1,51;1121;5
851;Proyecto 851;Titular851;O'Higgins;Pichidegua;0,21;92;2
852;Proyecto 852;Titular852;Ñuble;Yungay;0,11;56;2
853;Proyecto 853;Titular853;Los Lagos;San Pablo;0,12;89;2
854;Proyecto 854;Titular854;O'Higgins;Santa Cruz;0,29;82;2
855;Proyecto 855;Titular855;O'Higgins;Marchihue;1,42;1534;5
856;Proyecto 856;Titular856;Los Lagos;Calbuco;0,1;31;2
857;Proyecto 857;Titular857;Magallanes;Natales;0,3;58;3
858;Proyecto 858;Titular858;Tarapacá;Camiña;0,01;66;1
859;Proyecto 859;Titular859;Maule;Parral;0,62;1872;5
860;Proyecto 860;Titular860;O'Higgins;Olivar;1,48;1192;5
861;Proyecto 861;Titular861;Los Ríos;Los Lagos;0,13;75;3
862;Proyecto 862;Titular862;Los Lagos;Puerto Montt;0,57;460;3
863;Proyecto 863;Titular863;Biobío;Yumbel;0,69;467;3
864;Proyecto 864;Titular864;Ñuble;Ránquil;1,42;1255;6
865;Proyecto 865;Titular865;Biobío;Penco;0,29;111;3
866;Proyecto 866;Titular866;Coquimbo;Coquimbo;0,29;141;3
867;Proyecto 867;Titular867;La Araucanía;Padre Las Casas;2,01;