N°;Nombre del Proyecto;Titular;Región;Comuna;Inversión MUF;Capacidad_MVA;Plazo_Semestres;Posición
1;Proyecto 1;Titular1;arica y parinacota;General Lagos;0.18;113;3;142
2;Proyecto 2;Titular2;coquimbo;Coquimbo;0.16;80;3;240
3;Proyecto 3;Titular3;o'higgins;Palmilla;0.04;76;2;655
4;Proyecto 4;Titular4;biobío;Los Álamos;0.14;60;2;623
5;Proyecto 5;Titular5;atacama;Chañaral;0.51;1427;6;168
6;Proyecto 6;Titular6;magallanes;Cabo de Hornos (Ex-Navarino);0.02;76;2;440
7;Proyecto 7;Titular7;valparaíso;Olmué;0.26;710;4;594
8;Proyecto 8;Titular8;o'higgins;Pumanque;1.24;1396;4;669
9;Proyecto 9;Titular9;atacama;Alto del Carmen;0.33;580;3;175
10;Proyecto 10;Titular10;magallanes;Torres del Paine;1.04;1005;4;428
11;Proyecto 11;Titular11;tarapacá;Colchane;0.08;108;3;520
12;Proyecto 12;Titular12;o'higgins;San Vicente;0.17;107;3;668
13;Proyecto 13;Titular13;los lagos;Chaitén;1.2;1019;4;332
14;Proyecto 14;Titular14;atacama;Copiapó;0.33;512;3;156
15;Proyecto 15;Titular15;arica y parinacota;General Lagos;0.66;1440;6;136
16;Proyecto 16;Titular16;o'higgins;Lolol;0.58;355;3;680
17;Proyecto 17;Titular17;tarapacá;Pozo Almonte;0.15;59;1;519
18;Proyecto 18;Titular18;ñuble;Quillón;0.2;102;2;488
19;Proyecto 19;Titular19;los lagos;Chonchi;0.11;80;1;312
21;Proyecto 21;Titular21;los lagos;Dalcahue;0.28;395;4;346
22;Proyecto 22;Titular22;maule;Pelarco;1.55;1810;5;708
24;Proyecto 24;Titular24;antofagasta;Ollagüe;1.23;1998;6;77
25;Proyecto 25;Titular25;o'higgins;Peralillo;0.54;716;3;657
26;Proyecto 26;Titular26;coquimbo;Ovalle;1.26;1784;5;229
27;Proyecto 27;Titular27;biobío;Chiguayante;0.4;372;4;635
28;Proyecto 28;Titular28;arica y parinacota;General Lagos;0.31;103;2;115
29;Proyecto 29;Titular29;la araucanía;Traiguén;0.04;51;3;270
30;Proyecto 30;Titular30;valparaíso;San Felipe;0.27;95;3;551
32;Proyecto 32;Titular32;biobío;Arauco;1.42;1136;4;602
33;Proyecto 33;Titular33;los ríos;Río Bueno;1.68;1840;6;382
35;Proyecto 35;Titular35;antofagasta;Calama;0.34;150;3;74
37;Proyecto 37;Titular37;los lagos;Chaitén;0.16;53;2;331
38;Proyecto 38;Titular38;o'higgins;Peumo;0.1;87;2;698
39;Proyecto 39;Titular39;coquimbo;Los Vilos;0.91;1114;6;227
40;Proyecto 40;Titular40;los ríos;Lago Ranco;0.14;139;3;368
42;Proyecto 42;Titular42;la araucanía;Lumaco;0.38;491;4;294
43;Proyecto 43;Titular43;o'higgins;Peralillo;0.37;235;4;676
44;Proyecto 44;Titular44;arica y parinacota;Arica;0.29;393;3;128
45;Proyecto 45;Titular45;los lagos;Ancud;0.36;852;4;319
46;Proyecto 46;Titular46;antofagasta;Antofagasta;1.41;1279;5;93
47;Proyecto 47;Titular47;maule;Retiro;0.04;125;2;724
48;Proyecto 48;Titular48;los lagos;Puerto Varas;0.25;115;2;348
49;Proyecto 49;Titular49;valparaíso;Calle Larga;0.55;488;4;580
50;Proyecto 50;Titular50;los lagos;Futaleufú;0.01;31;2;342
51;Proyecto 51;Titular51;maule;Curicó;0.62;800;4;716
52;Proyecto 52;Titular52;atacama;Caldera;0.12;48;2;199
53;Proyecto 53;Titular53;tarapacá;Iquique;0.24;80;1;512
54;Proyecto 54;Titular54;los lagos;Puerto Octay;0.04;48;1;304
55;Proyecto 55;Titular55;magallanes;Laguna Blanca;0.29;60;3;414
57;Proyecto 57;Titular57;magallanes;Punta Arenas;0.21;49;2;448
58;Proyecto 58;Titular58;coquimbo;La Higuera;0.28;111;2;220
59;Proyecto 59;Titular59;valparaíso;Calera;0.01;87;2;591
60;Proyecto 60;Titular60;valparaíso;Casablanca;0.12;72;3;562
61;Proyecto 61;Titular61;tarapacá;Iquique;0.72;480;3;512
62;Proyecto 62;Titular62;los ríos;Paillaco;1.56;1790;5;356
63;Proyecto 63;Titular63;ñuble;Ninhue;0.22;111;3;479
64;Proyecto 64;Titular64;ñuble;Treguaco;0.06;115;3;482
65;Proyecto 65;Titular65;maule;Río Claro;0.68;857;3;710
66;Proyecto 66;Titular66;la araucanía;Perquenco;0.38;336;4;266
67;Proyecto 67;Titular67;valparaíso;Concón;0.41;774;4;582
68;Proyecto 68;Titular68;tarapacá;Pica;0.17;52;2;533
69;Proyecto 69;Titular69;coquimbo;Paiguano;0.3;138;3;246
70;Proyecto 70;Titular70;magallanes;Timaukel;0.09;85;1;433
71;Proyecto 71;Titular71;o'higgins;Santa Cruz;0.15;55;2;682
73;Proyecto 73;Titular73;los lagos;Calbuco;0.57;687;3;306
74;Proyecto 74;Titular74;maule;San Rafael;0.99;1218;4;740
75;Proyecto 75;Titular75;magallanes;Laguna Blanca;0.1;132;2;444
76;Proyecto 76;Titular76;la araucanía;Vilcún;0.29;681;3;284
77;Proyecto 77;Titular77;atacama;Huasco;0.27;113;2;198
78;Proyecto 78;Titular78;biobío;Cabrero;0.13;70;1;619
80;Proyecto 80;Titular80;ñuble;San Fabián;0.11;63;2;498
81;Proyecto 81;Titular81;coquimbo;La Serena;0.04;89;2;203
82;Proyecto 82;Titular82;tarapacá;Iquique;0.18;146;3;542
83;Proyecto 83;Titular83;tarapacá;Iquique;2.08;1479;5;520
84;Proyecto 84;Titular84;ñuble;Chillán;1.66;1540;5;472
85;Proyecto 85;Titular85;antofagasta;Mejillones;1.99;1056;4;67
86;Proyecto 86;Titular86;los ríos;Paillaco;0.07;49;2;383
87;Proyecto 87;Titular87;o'higgins;Pumanque;0.88;1633;4;699
88;Proyecto 88;Titular88;maule;Constitución;0.63;1850;4;702
89;Proyecto 89;Titular89;tarapacá;Pozo Almonte;0.16;54;2;546
90;Proyecto 90;Titular90;antofagasta;Sierra Gorda;0.56;590;3;75
91;Proyecto 91;Titular91;atacama;Vallenar;0.29;94;3;192
92;Proyecto 92;Titular92;los lagos;Hualaihué;0.66;269;4;302
93;Proyecto 93;Titular93;biobío;Quilaco;0.02;68;2;620
94;Proyecto 94;Titular94;maule;Talca;0.13;99;2;742
95;Proyecto 95;Titular95;coquimbo;Paiguano;0.7;376;3;214
98;Proyecto 98;Titular98;tarapacá;Pica;0.02;47;1;526
99;Proyecto 99;Titular99;maule;Pelarco;0.57;826;4;746
100;Proyecto 100;Titular100;los ríos;Lanco;0.2;80;2;362
101;Proyecto 101;Titular101;coquimbo;Paiguano;0.16;53;1;244
102;Proyecto 102;Titular102;coquimbo;Andacollo;0.32;898;4;222
103;Proyecto 103;Titular103;los ríos;Valdivia;1.61;1994;5;390
104;Proyecto 104;Titular104;magallanes;Porvenir;0.24;53;3;447
105;Proyecto 105;Titular105;atacama;Caldera;0.13;44;2;189
106;Proyecto 106;Titular106;valparaíso;Casablanca;0.07;37;1;570
107;Proyecto 107;Titular107;la araucanía;Angol;0.06;47;2;291
108;Proyecto 108;Titular108;los lagos;Puyehue;0.33;896;2;323
109;Proyecto 109;Titular109;biobío;Quilleco;2.01;1677;4;642
110;Proyecto 110;Titular110;arica y parinacota;Camarones;0.27;138;3;133
111;Proyecto 111;Titular111;maule;Retiro;0.31;137;2;727
112;Proyecto 112;Titular112;la araucanía;Pucón;0.35;142;3;295
113;Proyecto 113;Titular113;biobío;Cabrero;0.68;1189;6;611
115;Proyecto 115;Titular115;antofagasta;Sierra Gorda;1.04;1129;6;85
116;Proyecto 116;Titular116;los ríos;Corral;0.88;1432;5;370
117;Proyecto 117;Titular117;ñuble;San Nicolás;0.32;339;3;487
118;Proyecto 118;Titular118;magallanes;Natales;0.08;111;2;440
120;Proyecto 120;Titular120;coquimbo;Los Vilos;0.61;1667;5;231
121;Proyecto 121;Titular121;biobío;Chiguayante;0.52;649;4;633
122;Proyecto 122;Titular122;atacama;Caldera;0.11;70;1;182
123;Proyecto 123;Titular123;atacama;Alto del Carmen;0.35;312;2;167
124;Proyecto 124;Titular124;maule;Pelarco;0.27;409;3;745
125;Proyecto 125;Titular125;maule;Vichuquén;0.65;1231;4;748
126;Proyecto 126;Titular126;magallanes;San Gregorio;0.28;633;3;419
127;Proyecto 127;Titular127;valparaíso;Concón;0.06;122;2;563
129;Proyecto 129;Titular129;maule;Chanco;0.09;68;2;712
130;Proyecto 130;Titular130;atacama;Vallenar;0.09;78;2;164
132;Proyecto 132;Titular132;la araucanía;Gorbea;0.39;551;2;297
133;Proyecto 133;Titular133;arica y parinacota;General Lagos;2.11;1008;5;144
134;Proyecto 134;Titular134;ñuble;Cobquecura;0.68;838;4;460
135;Proyecto 135;Titular135;maule;Río Claro;0.32;137;3;745
136;Proyecto 136;Titular136;coquimbo;Vicuña;0.62;430;4;203
137;Proyecto 137;Titular137;arica y parinacota;Camarones;1.54;1586;4;136
138;Proyecto 138;Titular138;magallanes;San Gregorio;0.44;272;3;440
139;Proyecto 139;Titular139;maule;Curicó;0.14;44;2;741
140;Proyecto 140;Titular140;arica y parinacota;Camarones;0.54;732;3;146
141;Proyecto 141;Titular141;antofagasta;Ollagüe;1.92;1330;4;78
142;Proyecto 142;Titular142;biobío;Santa Juana;0.52;311;3;602
143;Proyecto 143;Titular143;coquimbo;Andacollo;0.86;1610;5;221
144;Proyecto 144;Titular144;ñuble;San Carlos;1.16;1440;5;493
145;Proyecto 145;Titular145;valparaíso;San Antonio;0.12;53;2;579
146;Proyecto 146;Titular146;tarapacá;Pozo Almonte;1.52;1145;5;504
147;Proyecto 147;Titular147;biobío;Nacimiento;0.13;45;2;608
148;Proyecto 148;Titular148;coquimbo;Coquimbo;0.16;121;3;236
149;Proyecto 149;Titular149;valparaíso;San Felipe;0.65;423;3;588
150;Proyecto 150;Titular150;tarapacá;Colchane;0.7;577;4;507
151;Proyecto 151;Titular151;coquimbo;Coquimbo;0.19;57;2;214
152;Proyecto 152;Titular152;la araucanía;Lumaco;0.13;81;1;277
153;Proyecto 153;Titular153;arica y parinacota;General Lagos;0.54;633;4;136
154;Proyecto 154;Titular154;o'higgins;Pumanque;0.81;1730;4;656
155;Proyecto 155;Titular155;valparaíso;Casablanca;0.36;380;3;586
156;Proyecto 156;Titular156;los ríos;Corral;0.23;149;3;388
158;Proyecto 158;Titular158;los lagos;Puerto Montt;0.45;773;3;338
159;Proyecto 159;Titular159;magallanes;Laguna Blanca;0.07;92;3;428
160;Proyecto 160;Titular160;los ríos;Panguipulli;0.92;1254;4;384
161;Proyecto 161;Titular161;los ríos;Corral;0.28;63;3;356
162;Proyecto 162;Titular162;la araucanía;Padre Las Casas;0.13;89;1;285
163;Proyecto 163;Titular163;o'higgins;La Estrella;0.06;136;3;690
164;Proyecto 164;Titular164;arica y parinacota;Putre;1.17;1989;6;135
165;Proyecto 165;Titular165;magallanes;Cabo de Hornos (Ex-Navarino);0.31;70;2;444
166;Proyecto 166;Titular166;antofagasta;Tocopilla;1.78;1128;4;63
167;Proyecto 167;Titular167;maule;Empedrado;0.1;65;3;737
168;Proyecto 168;Titular168;los ríos;La Unión;1.28;1063;4;391
169;Proyecto 169;Titular169;maule;San Rafael;2.07;1085;6;738
171;Proyecto 171;Titular171;maule;Talca;0.34;570;4;743
172;Proyecto 172;Titular172;maule;Parral;0.32;222;4;743
173;Proyecto 173;Titular173;valparaíso;Puchuncaví;0.15;138;2;575
174;Proyecto 174;Titular174;arica y parinacota;Arica;0.61;465;3;149
175;Proyecto 175;Titular175;ñuble;San Fabián;0.23;89;1;459
176;Proyecto 176;Titular176;maule;Longaví;0.19;66;3;733
178;Proyecto 178;Titular178;atacama;Diego de Almagro;0.15;40;2;191
179;Proyecto 179;Titular179;magallanes;Porvenir;0.32;566;3;448
180;Proyecto 180;Titular180;coquimbo;Vicuña;0.35;143;3;248
181;Proyecto 181;Titular181;arica y parinacota;Camarones;0.05;87;3;113
182;Proyecto 182;Titular182;magallanes;Timaukel;0.79;1231;4;420
183;Proyecto 183;Titular183;maule;Empedrado;0.68;390;4;703
184;Proyecto 184;Titular184;valparaíso;Cabildo;0.18;94;3;591
185;Proyecto 185;Titular185;arica y parinacota;General Lagos;0.21;122;3;139
186;Proyecto 186;Titular186;ñuble;Pinto;2.19;1157;6;456
187;Proyecto 187;Titular187;magallanes;Torres del Paine;0.01;88;2;402
188;Proyecto 188;Titular188;magallanes;Natales;0.32;259;4;411
189;Proyecto 189;Titular189;coquimbo;Ovalle;1.4;1745;5;232
190;Proyecto 190;Titular190;los ríos;Panguipulli;0.12;46;2;397
191;Proyecto 191;Titular191;tarapacá;Iquique;0.29;503;4;512
192;Proyecto 192;Titular192;valparaíso;Rinconada;0.22;44;2;556
194;Proyecto 194;Titular194;la araucanía;Los Sauces;1.9;1261;6;254
196;Proyecto 196;Titular196;magallanes;Primavera;0.21;59;1;424
197;Proyecto 197;Titular197;los lagos;Chonchi;0.69;1259;5;334
198;Proyecto 198;Titular198;atacama;Diego de Almagro;0.7;706;3;192
199;Proyecto 199;Titular199;o'higgins;Palmilla;0.6;1118;5;696
200;Proyecto 200;Titular200;maule;San Rafael;0.24;89;1;748
201;Proyecto 201;Titular201;maule;Linares;0.04;101;3;736
202;Proyecto 202;Titular202;maule;Vichuquén;1.61;1810;4;732
203;Proyecto 203;Titular203;arica y parinacota;Putre;0.05;142;3;140
204;Proyecto 204;Titular204;antofagasta;Tocopilla;1.89;1957;4;85
205;Proyecto 205;Titular205;los ríos;Lanco;0.19;87;1;389
206;Proyecto 206;Titular206;magallanes;Cabo de Hornos (Ex-Navarino);0.12;90;2;409
207;Proyecto 207;Titular207;coquimbo;Coquimbo;1.37;1183;4;229
208;Proyecto 208;Titular208;magallanes;Laguna Blanca;0.17;129;2;429
209;Proyecto 209;Titular209;los lagos;Quinchao;0.3;100;3;311
210;Proyecto 210;Titular210;la araucanía;Freire;0.21;31;2;290
211;Proyecto 211;Titular211;atacama;Chañaral;0.34;551;4;199
212;Proyecto 212;Titular212;maule;Licantén;0.55;542;4;709
213;Proyecto 213;Titular213;los lagos;Futaleufú;0.43;336;3;314
214;Proyecto 214;Titular214;la araucanía;Pitrufquén;0.56;272;4;254
215;Proyecto 215;Titular215;atacama;Copiapó;0.19;56;2;159
216;Proyecto 216;Titular216;arica y parinacota;Camarones;0.22;93;3;101
217;Proyecto 217;Titular217;atacama;Tierra Amarilla;0.01;84;1;161
218;Proyecto 218;Titular218;los ríos;Corral;0.56;721;3;392
219;Proyecto 219;Titular219;los lagos;Maullín;0.15;58;2;328
220;Proyecto 220;Titular220;maule;Molina;0.3;803;3;743
221;Proyecto 221;Titular221;biobío;Contulmo;0.87;1526;4;605
222;Proyecto 222;Titular222;la araucanía;Traiguén;0.11;54;3;261
223;Proyecto 223;Titular223;tarapacá;Camiña;0.63;1782;6;535
224;Proyecto 224;Titular224;maule;Yerbas Buenas;0.28;657;4;737
225;Proyecto 225;Titular225;biobío;Negrete;0.18;68;2;605
226;Proyecto 226;Titular226;arica y parinacota;Arica;1.29;1439;5;116
227;Proyecto 227;Titular227;ñuble;Cobquecura;1.57;1108;5;452
228;Proyecto 228;Titular228;la araucanía;Perquenco;0.38;466;3;268
230;Proyecto 230;Titular230;magallanes;Timaukel;1.54;1967;6;433
231;Proyecto 231;Titular231;los ríos;Lanco;0.33;53;2;368
232;Proyecto 232;Titular232;los lagos;Chonchi;0.21;102;3;346
234;Proyecto 234;Titular234;maule;Curicó;0.28;410;3;734
235;Proyecto 235;Titular235;ñuble;San Fabián;0.05;34;2;481
236;Proyecto 236;Titular236;arica y parinacota;General Lagos;0.91;1820;4;103
237;Proyecto 237;Titular237;magallanes;San Gregorio;1.95;1904;5;410
238;Proyecto 238;Titular238;biobío;Chiguayante;0.5;654;3;629
239;Proyecto 239;Titular239;antofagasta;San Pedro de Atacama;0.41;884;4;56
241;Proyecto 241;Titular241;los ríos;La Unión;0.37;669;2;375
242;Proyecto 242;Titular242;arica y parinacota;Arica;0.54;1614;5;129
243;Proyecto 243;Titular243;magallanes;Cabo de Hornos (Ex-Navarino);0.53;1056;4;413
244;Proyecto 244;Titular244;ñuble;Portezuelo;0.24;98;3;491
245;Proyecto 245;Titular245;antofagasta;Taltal;0.16;54;2;58
246;Proyecto 246;Titular246;antofagasta;Tocopilla;0.51;464;4;88
247;Proyecto 247;Titular247;maule;Sagrada Familia;1.83;1796;4;720
248;Proyecto 248;Titular248;ñuble;San Fabián;0.31;92;3;459
249;Proyecto 249;Titular249;los ríos;Paillaco;0.18;66;2;356
250;Proyecto 250;Titular250;ñuble;Pemuco;0.71;1425;5;498
251;Proyecto 251;Titular251;ñuble;Portezuelo;0.08;66;2;495
252;Proyecto 252;Titular252;biobío;Concepción;0.33;544;3;612
254;Proyecto 254;Titular254;magallanes;Porvenir;0.18;50;2;425
255;Proyecto 255;Titular255;antofagasta;Tocopilla;0.24;535;3;89
256;Proyecto 256;Titular256;maule;Río Claro;0.04;85;2;719
257;Proyecto 257;Titular257;coquimbo;Salamanca;2.01;1827;5;230
258;Proyecto 258;Titular258;valparaíso;Puchuncaví;0.02;48;2;582
259;Proyecto 259;Titular259;coquimbo;Monte Patria;0.48;778;3;221
260;Proyecto 260;Titular260;los ríos;Paillaco;1.43;1223;4;377
261;Proyecto 261;Titular261;los ríos;La Unión;0.22;125;2;397
265;Proyecto 265;Titular265;los lagos;Hualaihué;0.21;34;2;309
266;Proyecto 266;Titular266;los lagos;Quemchi;1.85;1730;5;309
267;Proyecto 267;Titular267;la araucanía;Angol;2.2;1457;5;263
268;Proyecto 268;Titular268;atacama;Huasco;1.07;1497;5;167
269;Proyecto 269;Titular269;ñuble;Pinto;0.18;61;3;471
270;Proyecto 270;Titular270;tarapacá;Huara;0.03;133;2;541
271;Proyecto 271;Titular271;la araucanía;Carahue;0.26;111;3;293
272;Proyecto 272;Titular272;antofagasta;María Elena;0.6;212;3;59
273;Proyecto 273;Titular273;o'higgins;Malloa;0.23;120;2;686
274;Proyecto 274;Titular274;antofagasta;Taltal;0.23;75;2;71
275;Proyecto 275;Titular275;coquimbo;Punitaqui;0.47;574;4;239
276;Proyecto 276;Titular276;ñuble;Chillán;0.36;488;3;489
277;Proyecto 277;Titular277;valparaíso;San Esteban;0.42;267;3;580
279;Proyecto 279;Titular279;maule;Curepto;0.06;77;3;745
280;Proyecto 280;Titular280;valparaíso;Nogales;0.34;57;3;560
281;Proyecto 281;Titular281;los lagos;Fresia;0.04;63;2;345
282;Proyecto 282;Titular282;la araucanía;Lautaro;0.34;871;3;287
283;Proyecto 283;Titular283;los lagos;Quemchi;1.59;1985;5;324
284;Proyecto 284;Titular284;biobío;Quilleco;0.07;59;2;627
285;Proyecto 285;Titular285;la araucanía;Vilcún;0.76;1085;4;287
287;Proyecto 287;Titular287;atacama;Chañaral;0.13;82;2;198
288;Proyecto 288;Titular288;la araucanía;Pitrufquén;0.13;59;3;267
289;Proyecto 289;Titular289;magallanes;Timaukel;0.86;1244;6;414
290;Proyecto 290;Titular290;maule;Cauquenes;0.52;877;3;742
291;Proyecto 291;Titular291;ñuble;Cobquecura;0.6;311;2;471
292;Proyecto 292;Titular292;magallanes;Cabo de Hornos (Ex-Navarino);2.23;1589;5;408
293;Proyecto 293;Titular293;antofagasta;San Pedro de Atacama;0.09;59;3;65
294;Proyecto 294;Titular294;los ríos;Los Lagos;0.05;70;3;397
296;Proyecto 296;Titular296;los ríos;Máfil;0.04;92;3;399
297;Proyecto 297;Titular297;magallanes;Cabo de Hornos (Ex-Navarino);0.28;108;3;417
298;Proyecto 298;Titular298;magallanes;Torres del Paine;0.67;739;3;401
299;Proyecto 299;Titular299;magallanes;Porvenir;0.03;50;2;417
300;Proyecto 300;Titular300;los lagos;Puerto Octay;0.2;63;2;328
301;Proyecto 301;Titular301;maule;Vichuquén;0.19;73;2;710
302;Proyecto 302;Titular302;coquimbo;Combarbalá;1.32;1863;6;231
304;Proyecto 304;Titular304;los ríos;Lanco;0.3;896;3;372
305;Proyecto 305;Titular305;coquimbo;Canela;0.54;292;4;229
306;Proyecto 306;Titular306;atacama;Freirina;0.49;810;3;164
307;Proyecto 307;Titular307;arica y parinacota;Camarones;0.16;114;3;142
308;Proyecto 308;Titular308;antofagasta;Mejillones;0.17;56;1;53
309;Proyecto 309;Titular309;antofagasta;Sierra Gorda;0.31;332;3;86
310;Proyecto 310;Titular310;los lagos;Los Muermos;0.12;94;3;303
311;Proyecto 311;Titular311;la araucanía;Gorbea;0.09;46;2;295
312;Proyecto 312;Titular312;los ríos;Máfil;1.74;1868;5;395
313;Proyecto 313;Titular313;antofagasta;Tocopilla;1.27;1918;5;69
314;Proyecto 314;Titular314;la araucanía;Galvarino;0.59;461;3;253
315;Proyecto 315;Titular315;la araucanía;Loncoche;1.17;1499;5;296
316;Proyecto 316;Titular316;los ríos;Lago Ranco;0.26;674;3;361
317;Proyecto 317;Titular317;valparaíso;Calle Larga;1.35;1392;5;558
318;Proyecto 318;Titular318;tarapacá;Colchane;0.39;322;4;537
319;Proyecto 319;Titular319;ñuble;Chillán;0.28;115;2;490
320;Proyecto 320;Titular320;ñuble;El Carmen;0.68;1340;4;494
322;Proyecto 322;Titular322;biobío;Santa Bárbara;0.06;53;2;613
323;Proyecto 323;Titular323;biobío;Los Ángeles;0.03;74;2;603
324;Proyecto 324;Titular324;arica y parinacota;Putre;0.17;105;3;129
325;Proyecto 325;Titular325;tarapacá;Pozo Almonte;0.31;108;2;508
326;Proyecto 326;Titular326;coquimbo;Paiguano;0.24;123;2;250
327;Proyecto 327;Titular327;la araucanía;Melipeuco;0.18;50;2;256
328;Proyecto 328;Titular328;magallanes;Timaukel;0.48;424;3;439
332;Proyecto 332;Titular332;maule;Hualañé;0.12;128;3;730
333;Proyecto 333;Titular333;los ríos;Valdivia;0.57;636;3;383
334;Proyecto 334;Titular334;antofagasta;Taltal;0.04;54;3;81
335;Proyecto 335;Titular335;o'higgins;Pumanque;0.28;129;3;659
336;Proyecto 336;Titular336;magallanes;Natales;1.62;1287;5;413
337;Proyecto 337;Titular337;la araucanía;Vilcún;0.15;89;3;295
339;Proyecto 339;Titular339;los lagos;Queilén;1.98;1022;5;321
340;Proyecto 340;Titular340;magallanes;Porvenir;0.51;465;3;417
341;Proyecto 341;Titular341;maule;San Rafael;0.14;146;3;747
342;Proyecto 342;Titular342;valparaíso;Quillota;0.32;524;3;589
343;Proyecto 343;Titular343;antofagasta;Calama;0.19;90;3;78
344;Proyecto 344;Titular344;arica y parinacota;Arica;1.25;1884;4;146
345;Proyecto 345;Titular345;biobío;Quilaco;0.25;125;3;643
346;Proyecto 346;Titular346;tarapacá;Alto Hospicio;1.55;1556;4;509
347;Proyecto 347;Titular347;o'higgins;Peralillo;0.08;77;2;689
348;Proyecto 348;Titular348;la araucanía;Loncoche;0.06;67;2;290
349;Proyecto 349;Titular349;maule;Curepto;0.44;665;4;711
350;Proyecto 350;Titular350;coquimbo;Monte Patria;0.48;591;4;245
351;Proyecto 351;Titular351;antofagasta;Taltal;0.7;850;3;66
352;Proyecto 352;Titular352;valparaíso;San Esteban;0.32;149;2;575
354;Proyecto 354;Titular354;arica y parinacota;General Lagos;0.93;1809;5;108
355;Proyecto 355;Titular355;valparaíso;Putaendo;0.33;65;3;561
356;Proyecto 356;Titular356;tarapacá;Alto Hospicio;2.16;1669;5;524
357;Proyecto 357;Titular357;los ríos;La Unión;1.28;1203;4;391
358;Proyecto 358;Titular358;los lagos;Puqueldón;0.58;411;4;347
359;Proyecto 359;Titular359;la araucanía;Victoria;0.26;81;2;283
360;Proyecto 360;Titular360;biobío;Yumbel;0.42;677;3;627
361;Proyecto 361;Titular361;maule;San Javier;2.16;1128;5;749
362;Proyecto 362;Titular362;o'higgins;Navidad;1.75;1372;5;652
363;Proyecto 363;Titular363;maule;Villa Alegre;0.07;86;2;710
364;Proyecto 364;Titular364;la araucanía;Traiguén;0.2;86;2;251
365;Proyecto 365;Titular365;coquimbo;Combarbalá;0.92;1727;5;250
366;Proyecto 366;Titular366;o'higgins;Navidad;0.26;95;2;681
367;Proyecto 367;Titular367;antofagasta;Calama;0.11;79;3;53
368;Proyecto 368;Titular368;los lagos;Ancud;1.67;1442;4;345
369;Proyecto 369;Titular369;valparaíso;Cartagena;0.3;94;2;562
370;Proyecto 370;Titular370;los lagos;Puerto Octay;0.07;93;3;327
371;Proyecto 371;Titular371;atacama;Huasco;0.47;389;3;194
372;Proyecto 372;Titular372;maule;Pelluhue;0.11;41;2;706
373;Proyecto 373;Titular373;maule;San Javier;0.14;102;3;704
374;Proyecto 374;Titular374;antofagasta;Ollagüe;2.16;1696;5;68
375;Proyecto 375;Titular375;antofagasta;Antofagasta;0.03;143;3;64
377;Proyecto 377;Titular377;magallanes;Laguna Blanca;0.19;79;2;424
379;Proyecto 379;Titular379;o'higgins;Santa Cruz;0.18;84;3;687
380;Proyecto 380;Titular380;biobío;Nacimiento;1.22;1750;5;650
381;Proyecto 381;Titular381;la araucanía;Toltén;0.31;89;2;262
383;Proyecto 383;Titular383;maule;Romeral;0.31;493;2;728
384;Proyecto 384;Titular384;ñuble;El Carmen;1.38;1079;5;468
385;Proyecto 385;Titular385;maule;Villa Alegre;0.95;1384;4;736
387;Proyecto 387;Titular387;magallanes;Río Verde;0.53;1263;4;403
388;Proyecto 388;Titular388;los ríos;Futrono;0.7;378;4;381
389;Proyecto 389;Titular389;los ríos;Río Bueno;0.22;63;1;379
390;Proyecto 390;Titular390;atacama;Freirina;0.42;715;3;184
392;Proyecto 392;Titular392;los ríos;Valdivia;0.24;34;2;396
393;Proyecto 393;Titular393;antofagasta;Antofagasta;0.16;66;3;59
394;Proyecto 394;Titular394;los lagos;Curaco de Vélez;0.53;239;4;308
395;Proyecto 395;Titular395;maule;Empedrado;1.53;1884;6;718
397;Proyecto 397;Titular397;o'higgins;Litueche;0.58;680;3;666
398;Proyecto 398;Titular398;magallanes;Laguna Blanca;1.79;1887;5;408
399;Proyecto 399;Titular399;maule;Maule;0.11;122;3;715
400;Proyecto 400;Titular400;tarapacá;Alto Hospicio;0.17;61;3;513
402;Proyecto 402;Titular402;arica y parinacota;Arica;0.01;74;2;138
404;Proyecto 404;Titular404;ñuble;San Carlos;0.03;67;2;461
405;Proyecto 405;Titular405;o'higgins;San Fernando;0.6;751;3;666
406;Proyecto 406;Titular406;antofagasta;Calama;0.12;44;2;74
407;Proyecto 407;Titular407;los ríos;Valdivia;0.14;111;3;389
408;Proyecto 408;Titular408;magallanes;Torres del Paine;0.05;40;2;443
409;Proyecto 409;Titular409;atacama;Huasco;0.63;1617;6;159
410;Proyecto 410;Titular410;tarapacá;Pozo Almonte;0.03;49;2;502
411;Proyecto 411;Titular411;biobío;Mulchén;0.09;78;2;636
412;Proyecto 412;Titular412;los lagos;Dalcahue;0.19;87;2;302
413;Proyecto 413;Titular413;los lagos;Río Negro;1.23;1631;5;330
414;Proyecto 414;Titular414;maule;Linares;1.21;1983;6;727
415;Proyecto 415;Titular415;los ríos;Lago Ranco;0.17;43;2;385
416;Proyecto 416;Titular416;la araucanía;Gorbea;0.36;378;3;296
417;Proyecto 417;Titular417;tarapacá;Iquique;0.34;344;3;526
418;Proyecto 418;Titular418;coquimbo;Los Vilos;0.03;76;3;248
420;Proyecto 420;Titular420;los lagos;Ancud;1.83;1794;6;328
421;Proyecto 421;Titular421;los ríos;Mariquina;0.43;240;3;353
424;Proyecto 424;Titular424;la araucanía;Freire;0.16;39;2;264
425;Proyecto 425;Titular425;maule;Villa Alegre;0.88;1429;5;719
426;Proyecto 426;Titular426;ñuble;Quillón;0.34;541;4;455
427;Proyecto 427;Titular427;los ríos;Corral;0.32;488;4;389
428;Proyecto 428;Titular428;los lagos;Quellón;0.63;1442;4;324
429;Proyecto 429;Titular429;biobío;Curanilahue;1.95;1963;4;630
430;Proyecto 430;Titular430;maule;Licantén;1.05;1264;4;733
431;Proyecto 431;Titular431;o'higgins;Nancagua;0.6;809;3;686
433;Proyecto 433;Titular433;tarapacá;Pozo Almonte;0.14;95;3;530
434;Proyecto 434;Titular434;maule;Parral;0.34;63;3;716
435;Proyecto 435;Titular435;coquimbo;La Higuera;0.22;79;1;211
436;Proyecto 436;Titular436;maule;Hualañé;0.16;115;2;738
437;Proyecto 437;Titular437;antofagasta;Sierra Gorda;0.64;243;3;84
438;Proyecto 438;Titular438;maule;San Rafael;0.12;74;1;742
439;Proyecto 439;Titular439;magallanes;Porvenir;0.02;49;1;447
440;Proyecto 440;Titular440;ñuble;Yungay;0.08;61;2;490
441;Proyecto 441;Titular441;la araucanía;Nueva Imperial;0.55;1854;5;269
442;Proyecto 442;Titular442;los lagos;Quinchao;0.11;44;2;320
443;Proyecto 443;Titular443;atacama;Vallenar;0.52;608;3;156
444;Proyecto 444;Titular444;arica y parinacota;Putre;0.22;109;3;101
445;Proyecto 445;Titular445;valparaíso;Valparaíso;0.37;278;3;599
446;Proyecto 446;Titular446;coquimbo;Salamanca;1.49;1703;5;213
447;Proyecto 447;Titular447;ñuble;San Carlos;0.59;289;3;470
448;Proyecto 448;Titular448;coquimbo;Salamanca;0.19;50;2;250
449;Proyecto 449;Titular449;valparaíso;Isla de Pascua;0.06;76;3;586
450;Proyecto 450;Titular450;valparaíso;Quintero;0.13;49;2;598
451;Proyecto 451;Titular451;valparaíso;Zapallar;1.4;1484;6;579
452;Proyecto 452;Titular452;o'higgins;Rengo;0.19;57;1;672
455;Proyecto 455;Titular455;atacama;Copiapó;0.61;1537;5;169
456;Proyecto 456;Titular456;o'higgins;Las Cabras;0.1;51;2;694
459;Proyecto 459;Titular459;antofagasta;Ollagüe;1.22;1139;5;56
460;Proyecto 460;Titular460;magallanes;Cabo de Hornos (Ex-Navarino);0.6;1118;5;427
461;Proyecto 461;Titular461;coquimbo;Andacollo;1.29;1530;5;210
462;Proyecto 462;Titular462;valparaíso;Cabildo;0.36;113;3;566
463;Proyecto 463;Titular463;los lagos;Maullín;0.07;77;3;316
464;Proyecto 464;Titular464;atacama;Caldera;0.37;760;3;160
465;Proyecto 465;Titular465;arica y parinacota;General Lagos;0.2;51;2;146
466;Proyecto 466;Titular466;magallanes;Río Verde;0.06;95;2;428
467;Proyecto 467;Titular467;la araucanía;Gorbea;0.62;1152;5;268
469;Proyecto 469;Titular469;los lagos;Los Muermos;0.1;64;2;321
470;Proyecto 470;Titular470;magallanes;Torres del Paine;0.45;592;4;435
471;Proyecto 471;Titular471;valparaíso;Viña del Mar;0.02;68;2;568
472;Proyecto 472;Titular472;atacama;Freirina;0.19;89;2;163
473;Proyecto 473;Titular473;tarapacá;Iquique;0.16;75;1;538
474;Proyecto 474;Titular474;coquimbo;Salamanca;0.67;263;4;237
475;Proyecto 475;Titular475;coquimbo;Vicuña;1.3;1266;6;225
476;Proyecto 476;Titular476;los lagos;San Juan de la Costa;0.32;86;2;335
477;Proyecto 477;Titular477;maule;Sagrada Familia;0.29;104;3;733
478;Proyecto 478;Titular478;atacama;Huasco;1.56;1258;4;156
479;Proyecto 479;Titular479;tarapacá;Colchane;0.32;53;2;516
480;Proyecto 480;Titular480;o'higgins;San Fernando;0.31;128;3;687
481;Proyecto 481;Titular481;maule;Retiro;0.02;30;2;704
482;Proyecto 482;Titular482;ñuble;Quillón;0.26;82;3;478
483;Proyecto 483;Titular483;los ríos;Valdivia;0.11;150;3;391
484;Proyecto 484;Titular484;maule;San Rafael;1.06;1046;4;731
485;Proyecto 485;Titular485;atacama;Tierra Amarilla;0.25;69;3;184
486;Proyecto 486;Titular486;tarapacá;Alto Hospicio;2.27;1578;6;535
487;Proyecto 487;Titular487;los lagos;Puerto Montt;0.17;78;3;330
488;Proyecto 488;Titular488;arica y parinacota;Putre;0.31;383;2;116
489;Proyecto 489;Titular489;coquimbo;Vicuña;1.87;1798;4;210
490;Proyecto 490;Titular490;o'higgins;Navidad;0.14;90;2;678
491;Proyecto 491;Titular491;o'higgins;Mostazal;0.1;67;2;667
492;Proyecto 492;Titular492;antofagasta;Ollagüe;0.67;807;3;60
493;Proyecto 493;Titular493;antofagasta;María Elena;0.7;504;4;84
496;Proyecto 496;Titular496;coquimbo;Punitaqui;0.3;101;2;213
498;Proyecto 498;Titular498;valparaíso;Concón;1.48;1608;5;572
499;Proyecto 499;Titular499;biobío;Curanilahue;0.6;686;3;619
500;Proyecto 500;Titular500;atacama;Freirina;0.67;729;3;189
501;Proyecto 501;Titular501;antofagasta;Sierra Gorda;0.03;66;2;86
502;Proyecto 502;Titular502;ñuble;Ñiquén;0.12;92;2;488
503;Proyecto 503;Titular503;maule;Yerbas Buenas;0.23;81;2;747
504;Proyecto 504;Titular504;valparaíso;Santo Domingo;0.94;1601;5;582
505;Proyecto 505;Titular505;maule;Parral;0.13;60;2;708
506;Proyecto 506;Titular506;atacama;Caldera;0.23;77;2;190
507;Proyecto 507;Titular507;arica y parinacota;Camarones;0.35;687;4;149
508;Proyecto 508;Titular508;ñuble;Chillán Viejo;0.53;560;3;469
509;Proyecto 509;Titular509;valparaíso;San Esteban;0.63;700;3;598
511;Proyecto 511;Titular511;maule;Villa Alegre;0.97;1013;6;746
512;Proyecto 512;Titular512;ñuble;Pinto;0.07;137;2;482
513;Proyecto 513;Titular513;maule;Licantén;0.34;144;3;720
514;Proyecto 514;Titular514;arica y parinacota;General Lagos;0.31;111;2;142
515;Proyecto 515;Titular515;la araucanía;Padre Las Casas;0.43;412;3;295
516;Proyecto 516;Titular516;antofagasta;María Elena;0.64;752;4;55
517;Proyecto 517;Titular517;maule;Molina;0.25;65;3;720
519;Proyecto 519;Titular519;los ríos;La Unión;0.14;66;1;361
520;Proyecto 520;Titular520;arica y parinacota;Putre;0.15;41;2;142
521;Proyecto 521;Titular521;tarapacá;Huara;0.19;83;2;549
522;Proyecto 522;Titular522;arica y parinacota;Arica;0.31;121;2;111
523;Proyecto 523;Titular523;valparaíso;El Tabo;0.19;44;2;579
524;Proyecto 524;Titular524;los ríos;Máfil;0.26;779;3;391
525;Proyecto 525;Titular525;maule;San Javier;0.7;540;3;743
526;Proyecto 526;Titular526;atacama;Alto del Carmen;0.15;73;2;191
527;Proyecto 527;Titular527;o'higgins;Litueche;0.66;789;3;689
528;Proyecto 528;Titular528;maule;Molina;0.1;128;3;750
529;Proyecto 529;Titular529;tarapacá;Colchane;1.57;1965;5;518
530;Proyecto 530;Titular530;la araucanía;Cunco;0.32;624;4;263
531;Proyecto 531;Titular531;o'higgins;Chépica;0.15;78;2;698
532;Proyecto 532;Titular532;coquimbo;Los Vilos;0.16;113;3;231
533;Proyecto 533;Titular533;la araucanía;Purén;0.02;51;2;295
536;Proyecto 536;Titular536;tarapacá;Colchane;0.18;82;1;532
537;Proyecto 537;Titular537;tarapacá;Pozo Almonte;0.19;33;2;547
538;Proyecto 538;Titular538;valparaíso;Calera;0.92;1771;4;580
539;Proyecto 539;Titular539;maule;Licantén;0.09;88;1;702
540;Proyecto 540;Titular540;la araucanía;Lautaro;0.1;61;2;295
541;Proyecto 541;Titular541;magallanes;Timaukel;0.13;66;1;429
542;Proyecto 542;Titular542;coquimbo;La Serena;0.25;61;3;218
543;Proyecto 543;Titular543;atacama;Huasco;1.76;1536;5;183
544;Proyecto 544;Titular544;maule;Romeral;0.66;422;4;732
545;Proyecto 545;Titular545;valparaíso;Casablanca;0.09;139;2;585
546;Proyecto 546;Titular546;la araucanía;Curacautín;1.72;1540;6;293
548;Proyecto 548;Titular548;biobío;Negrete;0.06;125;2;626
549;Proyecto 549;Titular549;magallanes;Antártica;0.33;56;3;450
550;Proyecto 550;Titular550;los ríos;Futrono;0.33;110;3;388
551;Proyecto 551;Titular551;o'higgins;Quinta de Tilcoco;0.47;317;3;664
555;Proyecto 555;Titular555;los lagos;Futaleufú;1.23;1416;5;328
556;Proyecto 556;Titular556;valparaíso;Cabildo;1.78;1097;4;568
557;Proyecto 557;Titular557;atacama;Freirina;0.58;1546;5;161
558;Proyecto 558;Titular558;los lagos;Puerto Octay;0.18;71;3;329
559;Proyecto 559;Titular559;la araucanía;Lautaro;0.45;483;3;291
560;Proyecto 560;Titular560;antofagasta;Taltal;0.01;85;1;85
562;Proyecto 562;Titular562;magallanes;Primavera;0.38;825;4;402
563;Proyecto 563;Titular563;los lagos;San Pablo;0.2;48;1;346
564;Proyecto 564;Titular564;atacama;Diego de Almagro;0.03;85;2;177
565;Proyecto 565;Titular565;arica y parinacota;Putre;0.24;129;4;149
567;Proyecto 567;Titular567;biobío;Mulchén;1.85;1617;6;631
568;Proyecto 568;Titular568;los lagos;Fresia;0.31;631;3;329
569;Proyecto 569;Titular569;antofagasta;Mejillones;0.25;115;2;98
570;Proyecto 570;Titular570;tarapacá;Alto Hospicio;0.28;560;3;523
571;Proyecto 571;Titular571;o'higgins;Marchihue;0.22;32;2;656
572;Proyecto 572;Titular572;coquimbo;Salamanca;0.24;127;2;205
573;Proyecto 573;Titular573;valparaíso;Concón;0.03;39;2;590
574;Proyecto 574;Titular574;valparaíso;Putaendo;0.45;574;3;570
575;Proyecto 575;Titular575;coquimbo;Los Vilos;0.72;576;3;225
576;Proyecto 576;Titular576;tarapacá;Pica;0.08;55;2;505
577;Proyecto 577;Titular577;los ríos;Lago Ranco;0.19;87;2;389
578;Proyecto 578;Titular578;biobío;Cabrero;0.12;81;1;612
580;Proyecto 580;Titular580;antofagasta;Taltal;0.43;598;4;88
581;Proyecto 581;Titular581;antofagasta;Tocopilla;1.98;1723;4;74
582;Proyecto 582;Titular582;atacama;Caldera;0.02;38;2;176
583;Proyecto 583;Titular583;valparaíso;Los Andes;0.14;128;3;564
584;Proyecto 584;Titular584;o'higgins;Requínoa;0.96;1851;4;661
585;Proyecto 585;Titular585;los lagos;Quinchao;0.62;250;3;316
586;Proyecto 586;Titular586;tarapacá;Huara;0.33;129;3;531
587;Proyecto 587;Titular587;atacama;Tierra Amarilla;0.26;571;3;195
588;Proyecto 588;Titular588;los lagos;Hualaihué;0.4;850;2;305
589;Proyecto 589;Titular589;atacama;Caldera;0.68;713;3;169
590;Proyecto 590;Titular590;coquimbo;Canela;0.71;328;2;226
591;Proyecto 591;Titular591;atacama;Chañaral;0.23;57;2;165
592;Proyecto 592;Titular592;los lagos;Frutillar;0.02;89;1;347
593;Proyecto 593;Titular593;tarapacá;Colchane;0.21;106;3;527
594;Proyecto 594;Titular594;valparaíso;Rinconada;1.89;1271;5;597
595;Proyecto 595;Titular595;valparaíso;Concón;0.98;1201;5;557
596;Proyecto 596;Titular596;antofagasta;San Pedro de Atacama;0.36;61;2;92
597;Proyecto 597;Titular597;los ríos;Lago Ranco;2.25;1839;6;393
598;Proyecto 598;Titular598;magallanes;Natales;0.1;69;2;431
600;Proyecto 600;Titular600;antofagasta;Taltal;0.17;64;2;78
601;Proyecto 601;Titular601;arica y parinacota;Putre;0.65;239;4;145
602;Proyecto 602;Titular602;arica y parinacota;Camarones;0.09;129;3;124
604;Proyecto 604;Titular604;magallanes;Río Verde;1.31;1348;5;413
605;Proyecto 605;Titular605;la araucanía;Melipeuco;0.59;213;4;272
606;Proyecto 606;Titular606;arica y parinacota;General Lagos;0.28;756;4;129
607;Proyecto 607;Titular607;la araucanía;Perquenco;0.08;47;2;295
608;Proyecto 608;Titular608;arica y parinacota;Arica;2.11;1481;5;126
610;Proyecto 610;Titular610;tarapacá;Iquique;0.22;50;3;519
611;Proyecto 611;Titular611;biobío;Tirúa;0.33;125;3;621
612;Proyecto 612;Titular612;atacama;Diego de Almagro;0.1;50;1;171
613;Proyecto 613;Titular613;atacama;Huasco;0.38;647;3;181
614;Proyecto 614;Titular614;arica y parinacota;Arica;0.8;1303;5;120
615;Proyecto 615;Titular615;atacama;Diego de Almagro;0.14;106;3;175
617;Proyecto 617;Titular617;arica y parinacota;General Lagos;1.1;1011;5;145
618;Proyecto 618;Titular618;o'higgins;Pumanque;0.21;65;2;655
619;Proyecto 619;Titular619;valparaíso;Olmué;0.79;1180;6;556
621;Proyecto 621;Titular621;atacama;Freirina;1.16;1961;6;163
622;Proyecto 622;Titular622;o'higgins;Mostazal;2.27;1499;5;670
623;Proyecto 623;Titular623;la araucanía;Padre Las Casas;0.21;61;3;285
624;Proyecto 624;Titular624;maule;Curicó;0.3;126;3;714
625;Proyecto 625;Titular625;la araucanía;Ercilla;0.57;661;3;292
626;Proyecto 626;Titular626;atacama;Copiapó;0.58;1932;6;198
627;Proyecto 627;Titular627;los ríos;Mariquina;0.24;132;3;392
628;Proyecto 628;Titular628;la araucanía;Lumaco;0.28;262;4;251
629;Proyecto 629;Titular629;los lagos;Llanquihue;0.36;856;3;322
630;Proyecto 630;Titular630;ñuble;Yungay;0.15;135;3;475
631;Proyecto 631;Titular631;antofagasta;Ollagüe;0.03;52;2;84
632;Proyecto 632;Titular632;maule;Rauco;0.1;146;3;726
634;Proyecto 634;Titular634;atacama;Copiapó;0.51;791;3;187
635;Proyecto 635;Titular635;los lagos;Llanquihue;0.08;102;3;325
636;Proyecto 636;Titular636;arica y parinacota;General Lagos;0.25;145;3;142
637;Proyecto 637;Titular637;arica y parinacota;Camarones;0.87;1131;5;119
638;Proyecto 638;Titular638;maule;San Rafael;0.36;71;3;711
640;Proyecto 640;Titular640;o'higgins;Codegua;0.3;98;2;664
642;Proyecto 642;Titular642;ñuble;El Carmen;0.59;379;4;473
643;Proyecto 643;Titular643;la araucanía;Carahue;0.29;126;3;285
644;Proyecto 644;Titular644;coquimbo;La Higuera;0.8;1214;4;237
645;Proyecto 645;Titular645;antofagasta;María Elena;0.06;77;1;61
646;Proyecto 646;Titular646;coquimbo;Punitaqui;0.03;40;2;222
647;Proyecto 647;Titular647;valparaíso;Valparaíso;0.29;74;2;562
648;Proyecto 648;Titular648;antofagasta;Tocopilla;0.02;71;1;93
649;Proyecto 649;Titular649;la araucanía;Lautaro;0.19;60;3;297
650;Proyecto 650;Titular650;ñuble;Portezuelo;0.14;140;3;468
651;Proyecto 651;Titular651;antofagasta;Antofagasta;0.03;132;3;70
652;Proyecto 652;Titular652;antofagasta;Tocopilla;0.33;206;3;78
654;Proyecto 654;Titular654;valparaíso;Viña del Mar;0.12;79;2;599
655;Proyecto 655;Titular655;la araucanía;Renaico;0.14;50;2;283
656;Proyecto 656;Titular656;maule;Constitución;1.96;1413;4;715
657;Proyecto 657;Titular657;maule;Chanco;0.63;1508;6;713
658;Proyecto 658;Titular658;magallanes;Laguna Blanca;0.11;88;1;416
660;Proyecto 660;Titular660;atacama;Vallenar;0.25;656;3;168
664;Proyecto 664;Titular664;biobío;Mulchén;0.2;100;2;621
666;Proyecto 666;Titular666;tarapacá;Pozo Almonte;0.05;149;2;534
667;Proyecto 667;Titular667;arica y parinacota;Putre;0.53;603;3;133
668;Proyecto 668;Titular668;maule;Cauquenes;0.14;74;2;702
669;Proyecto 669;Titular669;magallanes;Porvenir;0.36;443;3;447
671;Proyecto 671;Titular671;antofagasta;San Pedro de Atacama;0.15;73;1;68
673;Proyecto 673;Titular673;coquimbo;Coquimbo;1.66;1337;6;236
674;Proyecto 674;Titular674;magallanes;Antártica;0.33;141;3;434
675;Proyecto 675;Titular675;atacama;Huasco;1.15;1093;5;198
676;Proyecto 676;Titular676;ñuble;Coelemu;0.11;125;3;459
677;Proyecto 677;Titular677;los lagos;Curaco de Vélez;0.34;745;3;323
678;Proyecto 678;Titular678;maule;Linares;0.16;89;2;704
680;Proyecto 680;Titular680;la araucanía;Padre Las Casas;0.19;80;3;288
681;Proyecto 681;Titular681;ñuble;Ránquil;0.16;77;2;490
682;Proyecto 682;Titular682;valparaíso;Panquehue;0.09;84;2;574
683;Proyecto 683;Titular683;los lagos;Dalcahue;0.24;64;2;319
685;Proyecto 685;Titular685;los lagos;Maullín;0.2;50;2;323
686;Proyecto 686;Titular686;valparaíso;La Ligua;0.06;61;2;551
687;Proyecto 687;Titular687;tarapacá;Pozo Almonte;0.35;89;3;539
688;Proyecto 688;Titular688;magallanes;Laguna Blanca;0.93;1409;4;449
689;Proyecto 689;Titular689;atacama;Vallenar;0.23;145;3;175
690;Proyecto 690;Titular690;biobío;Santa Bárbara;0.1;86;2;621
691;Proyecto 691;Titular691;atacama;Alto del Carmen;0.02;49;2;193
692;Proyecto 692;Titular692;biobío;Tomé;0.12;71;2;611
693;Proyecto 693;Titular693;o'higgins;San Vicente;2;1342;4;668
694;Proyecto 694;Titular694;los lagos;Puyehue;0.36;66;3;334
695;Proyecto 695;Titular695;los ríos;Lago Ranco;0.56;729;3;396
696;Proyecto 696;Titular696;coquimbo;Andacollo;1.41;1027;5;249
697;Proyecto 697;Titular697;atacama;Caldera;0.02;62;3;195
698;Proyecto 698;Titular698;atacama;Chañaral;0.7;430;3;157
699;Proyecto 699;Titular699;los ríos;Corral;0.88;1834;5;395
700;Proyecto 700;Titular700;los ríos;La Unión;0.2;79;2;396
701;Proyecto 701;Titular701;los ríos;Máfil;2.03;1138;5;370
702;Proyecto 702;Titular702;magallanes;Primavera;0.33;75;3;445
703;Proyecto 703;Titular703;arica y parinacota;Camarones;0.03;38;3;108
704;Proyecto 704;Titular704;coquimbo;Combarbalá;0.34;116;3;232
705;Proyecto 705;Titular705;antofagasta;María Elena;0.05;45;2;81
707;Proyecto 707;Titular707;atacama;Chañaral;0.18;75;2;157
708;Proyecto 708;Titular708;coquimbo;Monte Patria;0.33;51;2;203
709;Proyecto 709;Titular709;los ríos;Máfil;0.59;497;3;397
710;Proyecto 710;Titular710;coquimbo;Ovalle;0.97;1019;4;249
711;Proyecto 711;Titular711;los ríos;Corral;1.71;1888;6;387
712;Proyecto 712;Titular712;magallanes;Río Verde;0.65;891;4;431
713;Proyecto 713;Titular713;antofagasta;Calama;2.16;1363;4;96
714;Proyecto 714;Titular714;la araucanía;Cunco;1.53;1925;5;298
715;Proyecto 715;Titular715;los ríos;Panguipulli;0.2;141;2;395
717;Proyecto 717;Titular717;maule;Sagrada Familia;1.28;1061;5;706
718;Proyecto 718;Titular718;valparaíso;Juan Fernández;0.72;1703;5;572
719;Proyecto 719;Titular719;atacama;Vallenar;0.27;66;3;173
721;Proyecto 721;Titular721;coquimbo;Illapel;0.97;1121;4;211
722;Proyecto 722;Titular722;los ríos;Los Lagos;0.51;681;4;386
723;Proyecto 723;Titular723;valparaíso;Nogales;0.29;148;2;600
724;Proyecto 724;Titular724;tarapacá;Colchane;0.6;536;3;540
725;Proyecto 725;Titular725;arica y parinacota;General Lagos;0.15;34;2;120
726;Proyecto 726;Titular726;ñuble;Ninhue;0.14;68;2;458
727;Proyecto 727;Titular727;atacama;Caldera;0.38;628;3;172
728;Proyecto 728;Titular728;los lagos;Curaco de Vélez;0.13;107;2;307
729;Proyecto 729;Titular729;la araucanía;Vilcún;0.71;238;3;262
730;Proyecto 730;Titular730;tarapacá;Camiña;0.32;863;3;508
731;Proyecto 731;Titular731;magallanes;Porvenir;1.56;1538;5;418
732;Proyecto 732;Titular732;los lagos;Chonchi;0.42;520;4;343
733;Proyecto 733;Titular733;atacama;Freirina;0.56;787;3;196
734;Proyecto 734;Titular734;la araucanía;Villarrica;0.3;306;4;269
735;Proyecto 735;Titular735;maule;Chanco;0.53;740;3;705
736;Proyecto 736;Titular736;los ríos;Los Lagos;0.04;142;3;396
738;Proyecto 738;Titular738;los ríos;Paillaco;2.36;1548;6;390
740;Proyecto 740;Titular740;maule;Sagrada Familia;0.3;307;4;726
741;Proyecto 741;Titular741;ñuble;Yungay;0.2;98;3;498
742;Proyecto 742;Titular742;los lagos;Dalcahue;0.11;77;2;320
743;Proyecto 743;Titular743;los lagos;Queilén;0.16;94;2;332
744;Proyecto 744;Titular744;o'higgins;Navidad;0.63;566;4;660
745;Proyecto 745;Titular745;atacama;Caldera;0.22;101;3;157
746;Proyecto 746;Titular746;ñuble;San Ignacio;0.22;126;3;486
748;Proyecto 748;Titular748;la araucanía;Ercilla;0.48;846;3;289
749;Proyecto 749;Titular749;valparaíso;Olmué;0.05;66;2;554
750;Proyecto 750;Titular750;los lagos;San Juan de la Costa;0.86;1239;4;303
751;Proyecto 751;Titular751;los lagos;Puerto Octay;0.62;881;3;348
752;Proyecto 752;Titular752;valparaíso;Cartagena;1.76;1734;4;575
753;Proyecto 753;Titular753;maule;San Javier;0.04;69;2;732
754;Proyecto 754;Titular754;atacama;Vallenar;0.59;854;3;163
755;Proyecto 755;Titular755;ñuble;San Ignacio;0.07;41;2;476
756;Proyecto 756;Titular756;magallanes;Antártica;0.57;723;4;445
757;Proyecto 757;Titular757;los lagos;Cochamó;0.72;375;4;346
758;Proyecto 758;Titular758;maule;Chanco;1.9;1746;4;716
759;Proyecto 759;Titular759;los ríos;Corral;0.01;52;1;361
760;Proyecto 760;Titular760;tarapacá;Colchane;0.02;90;2;520
761;Proyecto 761;Titular761;coquimbo;Coquimbo;0.18;71;2;249
762;Proyecto 762;Titular762;magallanes;San Gregorio;0.42;845;3;419
763;Proyecto 763;Titular763;coquimbo;Salamanca;1.12;1827;5;241
764;Proyecto 764;Titular764;los ríos;Lago Ranco;0.7;1337;4;351
765;Proyecto 765;Titular765;tarapacá;Colchane;1.81;1554;5;511
766;Proyecto 766;Titular766;ñuble;El Carmen;0.12;134;3;489
767;Proyecto 767;Titular767;maule;Romeral;0.64;390;4;703
768;Proyecto 768;Titular768;o'higgins;Pichidegua;0.24;79;3;676
769;Proyecto 769;Titular769;maule;Cauquenes;0.1;46;2;723
770;Proyecto 770;Titular770;magallanes;Cabo de Hornos (Ex-Navarino);2.3;1493;5;437
772;Proyecto 772;Titular772;valparaíso;Quintero;0.29;330;4;600
773;Proyecto 773;Titular773;los lagos;Quinchao;0.05;64;2;344
774;Proyecto 774;Titular774;antofagasta;Taltal;0.06;103;2;91
775;Proyecto 775;Titular775;la araucanía;Lonquimay;1.3;1068;4;278
776;Proyecto 776;Titular776;coquimbo;La Higuera;0.2;145;2;237
777;Proyecto 777;Titular777;atacama;Alto del Carmen;0.55;451;2;194
779;Proyecto 779;Titular779;tarapacá;Camiña;0.35;788;4;501
780;Proyecto 780;Titular780;ñuble;Ninhue;0.54;459;4;499
781;Proyecto 781;Titular781;valparaíso;Calera;0.19;63;2;562
782;Proyecto 782;Titular782;magallanes;Laguna Blanca;0.06;39;3;422
783;Proyecto 783;Titular783;la araucanía;Gorbea;0.21;128;3;298
784;Proyecto 784;Titular784;arica y parinacota;Arica;1.45;1872;5;127
785;Proyecto 785;Titular785;la araucanía;Toltén;0.86;1121;5;278
786;Proyecto 786;Titular786;antofagasta;Taltal;0.68;617;3;60
787;Proyecto 787;Titular787;la araucanía;Collipulli;1.54;1316;5;252
788;Proyecto 788;Titular788;coquimbo;Coquimbo;0.05;55;3;226
789;Proyecto 789;Titular789;coquimbo;Monte Patria;0.26;130;2;249
790;Proyecto 790;Titular790;los lagos;Quemchi;0.49;665;3;350
791;Proyecto 791;Titular791;atacama;Diego de Almagro;0.71;391;3;175
793;Proyecto 793;Titular793;coquimbo;Andacollo;0.06;120;3;242
794;Proyecto 794;Titular794;arica y parinacota;Putre;0.08;69;2;113
795;Proyecto 795;Titular795;antofagasta;Tocopilla;0.5;267;4;94
796;Proyecto 796;Titular796;magallanes;Natales;0.5;221;3;413
797;Proyecto 797;Titular797;arica y parinacota;Arica;0.09;96;3;127
798;Proyecto 798;Titular798;tarapacá;Colchane;0.31;87;3;518
799;Proyecto 799;Titular799;arica y parinacota;General Lagos;0.09;123;2;129
800;Proyecto 800;Titular800;o'higgins;Graneros;2.4;1116;4;698
801;Proyecto 801;Titular801;biobío;Coronel;0.93;1595;4;607
802;Proyecto 802;Titular802;antofagasta;Tocopilla;0.19;63;2;58
803;Proyecto 803;Titular803;coquimbo;Coquimbo;0.13;74;2;229
804;Proyecto 804;Titular804;ñuble;San Fabián;0.13;44;1;491
805;Proyecto 805;Titular805;la araucanía;Renaico;0.34;649;4;265
806;Proyecto 806;Titular806;valparaíso;San Antonio;1.55;1542;4;596
807;Proyecto 807;Titular807;magallanes;Río Verde;0.1;137;3;447
808;Proyecto 808;Titular808;biobío;San Rosendo;0.1;60;3;604
809;Proyecto 809;Titular809;la araucanía;Curacautín;0.19;101;3;297
810;Proyecto 810;Titular810;maule;San Rafael;0.64;1705;4;748
811;Proyecto 811;Titular811;tarapacá;Pozo Almonte;0.23;99;3;503
812;Proyecto 812;Titular812;los lagos;Hualaihué;0.05;58;3;305
813;Proyecto 813;Titular813;magallanes;Torres del Paine;0.57;306;3;419
814;Proyecto 814;Titular814;o'higgins;Litueche;0.18;92;3;680
815;Proyecto 815;Titular815;la araucanía;Teodoro Schmidt;0.21;72;3;285
817;Proyecto 817;Titular817;los ríos;Valdivia;0.34;260;3;379
819;Proyecto 819;Titular819;antofagasta;Calama;0.24;76;2;75
820;Proyecto 820;Titular820;maule;San Javier;0.9;1262;5;713
821;Proyecto 821;Titular821;ñuble;San Ignacio;0.73;1913;5;476
822;Proyecto 822;Titular822;magallanes;Primavera;1.69;1540;5;443
823;Proyecto 823;Titular823;tarapacá;Iquique;0.27;273;3;514
825;Proyecto 825;Titular825;ñuble;Quirihue;0.04;76;3;457
826;Proyecto 826;Titular826;la araucanía;Vilcún;0.14;88;3;265
827;Proyecto 827;Titular827;maule;Pelarco;1.17;1268;5;727
830;Proyecto 830;Titular830;maule;San Javier;0.25;84;3;731
831;Proyecto 831;Titular831;antofagasta;María Elena;0.47;637;4;54
832;Proyecto 832;Titular832;valparaíso;Limache;0.54;381;3;556
833;Proyecto 833;Titular833;arica y parinacota;Putre;1.74;1522;6;150
834;Proyecto 834;Titular834;los lagos;Purranque;0.13;84;2;320
835;Proyecto 835;Titular835;los lagos;Castro;0.53;1761;4;347
836;Proyecto 836;Titular836;maule;Talca;0.58;588;4;745
838;Proyecto 838;Titular838;ñuble;Bulnes;0.21;62;2;487
839;Proyecto 839;Titular839;o'higgins;Quinta de Tilcoco;0.25;57;2;690
840;Proyecto 840;Titular840;magallanes;Timaukel;0.14;82;2;446
841;Proyecto 841;Titular841;la araucanía;Padre Las Casas;1.45;1893;4;252
842;Proyecto 842;Titular842;magallanes;Cabo de Hornos (Ex-Navarino);0.36;57;3;436
843;Proyecto 843;Titular843;o'higgins;San Fernando;0.25;73;3;691
845;Proyecto 845;Titular845;biobío;Quilaco;1.58;1659;6;616
846;Proyecto 846;Titular846;magallanes;Natales;0.07;55;2;439
847;Proyecto 847;Titular847;antofagasta;María Elena;0.2;112;3;58
848;Proyecto 848;Titular848;biobío;Los Ángeles;0.67;1135;4;614
849;Proyecto 849;Titular849;los ríos;Corral;0.32;141;3;369
850;Proyecto 850;Titular850;valparaíso;Casablanca;1.51;1121;5;581
851;Proyecto 851;Titular851;o'higgins;Pichidegua;0.21;92;2;688
852;Proyecto 852;Titular852;ñuble;Yungay;0.11;56;2;475
853;Proyecto 853;Titular853;los lagos;San Pablo;0.12;89;2;317
854;Proyecto 854;Titular854;o'higgins;Santa Cruz;0.29;82;2;696
855;Proyecto 855;Titular855;o'higgins;Marchihue;1.42;1534;5;653
856;Proyecto 856;Titular856;los lagos;Calbuco;0.1;31;2;318
857;Proyecto 857;Titular857;magallanes;Natales;0.3;58;3;421
858;Proyecto 858;Titular858;tarapacá;Camiña;0.01;66;1;537
859;Proyecto 859;Titular859;maule;Parral;0.62;1872;5;701
860;Proyecto 860;Titular860;o'higgins;Olivar;1.48;1192;5;653
861;Proyecto 861;Titular861;los ríos;Los Lagos;0.13;75;3;380
862;Proyecto 862;Titular862;los lagos;Puerto Montt;0.57;460;3;303
863;Proyecto 863;Titular863;biobío;Yumbel;0.69;467;3;633
864;Proyecto 864;Titular864;ñuble;Ránquil;1.42;1255;6;458
865;Proyecto 865;Titular865;biobío;Penco;0.29;111;3;638
866;Proyecto 866;Titular866;coquimbo;Coquimbo;0.29;141;3;204
867;Proyecto 867;Titular867;la araucanía;Padre Las Casas;2.01;288